Unnamed: 0,id,phrase,replacements
0,e82bae79-8891-4244-9745-bcb07935845c,wrote posts mentioning <mention>,"{""mention"": ""Stacy Vaughn""}",post.mention
1,e82bae79-8891-4244-9745-bcb07935845c,liked any post <number> times,"{""number"": ""9""}",like.freq
2,e82bae79-8891-4244-9745-bcb07935845c,clicked on ad with <post-word> in it,"{""post-word"": ""'blackout'""}",ad.text
3,e82bae79-8891-4244-9745-bcb07935845c,wrote at least one post with mention of <mention>,"{""mention"": ""Stacy Vaughn""}",post.mention
4,e82bae79-8891-4244-9745-bcb07935845c,liked any post <number> or more times,"{""number"": ""9""}",like.freq
5,e82bae79-8891-4244-9745-bcb07935845c,clickd on ad with text <post-word> in it,"{""post-word"": ""'blackout'""}",ad.text
6,e82bae79-8891-4244-9745-bcb07935845c,wrote a post about <mention>,"{""mention"": ""Stacy Vaughn""}",post.mention
7,e82bae79-8891-4244-9745-bcb07935845c,at least <number> likes,"{""number"": ""nine""}", like.freq
8,e82bae79-8891-4244-9745-bcb07935845c,clickd on add that contained <post-word>,"{""post-word"": ""'blackout'""}",ad.text
9,e82bae79-8891-4244-9745-bcb07935845c,clicked on ad about <post-word>,"{""post-word"": ""blackout""}",ad.text
10,e82bae79-8891-4244-9745-bcb07935845c,also liked post <number> times,"{""number"": ""9""}",like.freq
11,e82bae79-8891-4244-9745-bcb07935845c,wrote post with <mention>s mention,"{""mention"": ""Stacy Vaughn'""}",post.mention
12,e82bae79-8891-4244-9745-bcb07935845c,wrote <mention>s post,"{""mention"": ""Stacy Vaughn'""}",post.mention
13,e82bae79-8891-4244-9745-bcb07935845c,liked it <number> times,"{""number"": ""9""}",like.freq
14,e82bae79-8891-4244-9745-bcb07935845c,clicked on ad that contains <post-word>,"{""post-word"": ""'blackout'""}",ad.text
15,e82bae79-8891-4244-9745-bcb07935845c,rated page at least <number> times,"{""number"": ""4""}",rate.freq
16,e82bae79-8891-4244-9745-bcb07935845c,answered <poll-answer> in a poll,"{""poll-answer"": ""'Yes'""}", poll.answer
17,e82bae79-8891-4244-9745-bcb07935845c,downloaded <page-type> type page file,"{""page-type"": ""'exhibitor'""}", file.pageType
18,e82bae79-8891-4244-9745-bcb07935845c,rated any page <number> times,"{""number"": ""four""}",rate.freq
19,e82bae79-8891-4244-9745-bcb07935845c,participated in poll answered <poll-answer> to any question,"{""poll-answer"": ""yes""}",poll.answer
20,e82bae79-8891-4244-9745-bcb07935845c,downloaded a file from page with <page-type> type,"{""page-type"": ""'exhibitor'""}",file.pageType
21,e82bae79-8891-4244-9745-bcb07935845c,rated page <number> time,"{""number"": ""4""}",rate.freq
22,e82bae79-8891-4244-9745-bcb07935845c,answered <poll-answered> in poll,"{""poll-answer"": ""yes""}",poll.answer
23,e82bae79-8891-4244-9745-bcb07935845c,downloaded a file from <page-type> page,"{""page-type"": ""exhibitor""}",file.pageType
24,e82bae79-8891-4244-9745-bcb07935845c,rated page <number> or more times,"{""number"": ""4""}",rate.freq
25,e82bae79-8891-4244-9745-bcb07935845c,in poll answered <poll-answered>,"{""poll-answer"": ""yes""}",poll.answer
26,e82bae79-8891-4244-9745-bcb07935845c,got file from <page-type> type page,"{""page-type"": ""'exhibitor'""}",file.pageType
27,e82bae79-8891-4244-9745-bcb07935845c,rated page <number> times,"{""number"": ""4""}",rate.freq
28,e82bae79-8891-4244-9745-bcb07935845c,participated in poll and answered <poll-answered>,"{""sentiment"": ""positive""}",poll.answer
29,e82bae79-8891-4244-9745-bcb07935845c,downloaded any file from <page-type> page,"{""page-type"": ""exhibitor""}",file.pageType
30,e82bae79-8891-4244-9745-bcb07935845c,<post-word> in bio,"{""post-word"": ""'captive'""}",profile.bio
31,e82bae79-8891-4244-9745-bcb07935845c,n't enjoy event,{},profile.ejoyment
32,e82bae79-8891-4244-9745-bcb07935845c,downloaed a file from <page-type> page,"{""page-type"": ""exhibitor""}",file.pageType
33,e82bae79-8891-4244-9745-bcb07935845c,<post-word> in bio,"{""post-word"": ""'captive'""}",profile.bio
34,e82bae79-8891-4244-9745-bcb07935845c,n't enjoy the event,{},profile.enjoyment
35,e82bae79-8891-4244-9745-bcb07935845c,downloaded a file from <page-type> page,"{""page-type"": ""exhibitor""}",file.pageType
36,e82bae79-8891-4244-9745-bcb07935845c,name <first-name>,"{""first-name"": ""Marjorie""}",profile.firstName
37,e82bae79-8891-4244-9745-bcb07935845c,replied to <sentiment> post,"{""sentiment"": ""negative""}",reply.postSentiment
38,e82bae79-8891-4244-9745-bcb07935845c,downloaded a file from page with <page-type> type,"{""page-type"": ""'exhibitor'""}",file.pageType
39,e82bae79-8891-4244-9745-bcb07935845c,<first-name>s,"{""first-name"": ""Marjorie""}",profile.firstName
40,e82bae79-8891-4244-9745-bcb07935845c,replied to <sentiment> post,"{""sentiment"": ""negative""}",rate.postSentiment
41,e82bae79-8891-4244-9745-bcb07935845c,downloaded <page-type> file,"{""page-type"": ""exhibitor""}",file.pageType
42,e82bae79-8891-4244-9745-bcb07935845c,first name <first-name>,"{""first-name"": ""Marjorie""}",profile.firstName
43,e82bae79-8891-4244-9745-bcb07935845c,replied to post with <sentiment> sentiment,"{""sentiment"": ""negative""}",reply.postSentiment
44,e82bae79-8891-4244-9745-bcb07935845c,downloaded a file from page with <page-type> type,"{""page-type"": ""'exhibitor'""}",file.pageType
45,e82bae79-8891-4244-9745-bcb07935845c,named <first-name>,"{""first-name"": ""Marjorie""}",profile.firstName
46,e82bae79-8891-4244-9745-bcb07935845c,replied to post with <sentiment> sentiment,"{""sentiment"": ""negative""}",reply.postSentiment
47,e82bae79-8891-4244-9745-bcb07935845c,downloaded a file from page with <page-type> type,"{""page-type"": ""'exhibitor'""}",file.pageType
48,e82bae79-8891-4244-9745-bcb07935845c,answered <poll-answer> in a poll,"{""poll-answer"": ""'Yes'""}",poll.answer
49,e82bae79-8891-4244-9745-bcb07935845c,wrote <sentiment> post,"{""sentiment"": ""positive""}",post.sentiment
50,e82bae79-8891-4244-9745-bcb07935845c,clicked < ad,{},
51,e82bae79-8891-4244-9745-bcb07935845c,participated in poll and answered yes,{}
52,e82bae79-8891-4244-9745-bcb07935845c,wrote a post with <sentiment> sentiment,"{""sentiment"": ""positive""}"
53,e82bae79-8891-4244-9745-bcb07935845c,clicked on ad from 'Ablitech Co',{}
54,e82bae79-8891-4244-9745-bcb07935845c,participated in poll and answered yes,{}
55,e82bae79-8891-4244-9745-bcb07935845c,wrote a post with <sentiment> sentiment,"{""sentiment"": ""positive""}"
56,e82bae79-8891-4244-9745-bcb07935845c,clicked on ad from <company>,"{""company"": ""'Ablitech, Inc.'""}"
57,e82bae79-8891-4244-9745-bcb07935845c,never participated in poll,{}
58,e82bae79-8891-4244-9745-bcb07935845c,never answered yes,{}
59,e82bae79-8891-4244-9745-bcb07935845c,bio has <post-word> in it,"{""post-word"": ""'captive'""}"
60,e82bae79-8891-4244-9745-bcb07935845c,participated in no poll,{}
61,e82bae79-8891-4244-9745-bcb07935845c,never answered yes,{}
62,e82bae79-8891-4244-9745-bcb07935845c,<post-word> in bio,"{""post-word"": ""'captive'""}"
63,e82bae79-8891-4244-9745-bcb07935845c,rated <page-type> page,"{""page-type"": ""speaker""}"
64,e82bae79-8891-4244-9745-bcb07935845c,replied to <sentiment> sentiment post,"{""sentiment"": ""negative""}"
65,e82bae79-8891-4244-9745-bcb07935845c,liked <mention> post,"{""mention"": ""Caleb Ramirez'""}"
66,e82bae79-8891-4244-9745-bcb07935845c,wrote at least <number> posts,"{""number"": ""4""}"
67,e82bae79-8891-4244-9745-bcb07935845c,any <sentiment> post,"{""sentiment"": ""positive""}"
68,e82bae79-8891-4244-9745-bcb07935845c,<post-word> in their bio,"{""post-word"": ""'captive'""}"
69,e82bae79-8891-4244-9745-bcb07935845c,replied to post with <post-word> in it,"{""post-word"": ""'captive'""}"
70,e82bae79-8891-4244-9745-bcb07935845c,phone <number>4<number><number><number><number><number>5<number><number>,"{""number"": ""8""}"
71,e82bae79-8891-4244-9745-bcb07935845c,downloaded <file-name> file,"{""file-name"": ""'workshop.doc'""}"
72,e82bae79-8891-4244-9745-bcb07935845c,replied to post with <post-word> in it,"{""post-word"": ""'captive'""}"
73,e82bae79-8891-4244-9745-bcb07935845c,phone <number>4<number><number><number><number><number>5<number><number>,"{""number"": ""8""}"
74,e82bae79-8891-4244-9745-bcb07935845c,downloaded <file-name>ument,"{""file-name"": ""workshop doc""}"
75,e82bae79-8891-4244-9745-bcb07935845c,viewed page  <number> times,"{""number"": ""5""}"
76,e82bae79-8891-4244-9745-bcb07935845c,never participated in polls,{}
77,e82bae79-8891-4244-9745-bcb07935845c,liked post by <mention>,"{""mention"": ""Caleb Ramirez""}"
78,0bb4c343-8c07-42aa-bb34-fcd9a1989d41,<last-name> as a last name,"{""last-name"": ""White""}"
79,0bb4c343-8c07-42aa-bb34-fcd9a1989d41,liked posts by <mention>,"{""mention"": ""Shawna Potter""}"
80,0bb4c343-8c07-42aa-bb34-fcd9a1989d41,downloaded a file from page with <page-type> type,"{""page-type"": ""'sponsor'""}"
81,0bb4c343-8c07-42aa-bb34-fcd9a1989d41,last name <last-name>,"{""last-name"": ""White""}"
82,0bb4c343-8c07-42aa-bb34-fcd9a1989d41,liked at least one post by <mention>,"{""mention"": ""Shawna Potter""}"
83,0bb4c343-8c07-42aa-bb34-fcd9a1989d41,downloaded file from <page-type> type page,"{""page-type"": ""'sponsor'""}"
84,1c17a974-92f1-44a5-9e05-ce75db85d775,rated page containing <post-word>,"{""post-word"": ""'abomination'""}"
85,1c17a974-92f1-44a5-9e05-ce75db85d775,phone (<number><number><number>) 59<number>-89<number><number>,"{""number"": ""9""}"
86,1c17a974-92f1-44a5-9e05-ce75db85d775,not <enjoyment> the event,"{""enjoyment"": ""enjoyed""}"
87,1c17a974-92f1-44a5-9e05-ce75db85d775,rated page with <post-word> in text,"{""post-word"": ""'abomination'""}"
88,1c17a974-92f1-44a5-9e05-ce75db85d775,phone (<number><number><number>) 59<number>-89<number><number>,"{""number"": ""9""}"
89,1c17a974-92f1-44a5-9e05-ce75db85d775,not <enjoyment> the event,"{""enjoyment"": ""enjoyed""}"
90,1c17a974-92f1-44a5-9e05-ce75db85d775,rated page containing <post-word>,"{""post-word"": ""'abomination'""}"
91,1c17a974-92f1-44a5-9e05-ce75db85d775,phone (<number><number><number>) 59<number>-89<number><number>,"{""number"": ""9""}"
92,1c17a974-92f1-44a5-9e05-ce75db85d775,n't impressed by the event,{}
93,1c17a974-92f1-44a5-9e05-ce75db85d775,rated page with <post-word> in text,"{""post-word"": ""'abomination'""}"
94,1c17a974-92f1-44a5-9e05-ce75db85d775,phone (<number><number><number>) 59<number>-89<number><number>,"{""number"": ""9""}"
95,1c17a974-92f1-44a5-9e05-ce75db85d775,n't impressed by the event,{}
96,1c17a974-92f1-44a5-9e05-ce75db85d775,rated page containing <post-word>,"{""post-word"": ""'abomination'""}"
97,1c17a974-92f1-44a5-9e05-ce75db85d775,clicked on any ad <number> times,"{""number"": ""6""}"
98,1c17a974-92f1-44a5-9e05-ce75db85d775,liked post written by <mention>,"{""mention"": ""Dolores Cummings""}"
99,1c17a974-92f1-44a5-9e05-ce75db85d775,rated page with word <post-word> in text,"{""post-word"": ""'abomination'""}"
100,1c17a974-92f1-44a5-9e05-ce75db85d775,clicked on any ad <number> times,"{""number"": ""6""}"
101,1c17a974-92f1-44a5-9e05-ce75db85d775,liked <mention> post,"{""mention"": ""Dolores Cummings'""}"
102,1c17a974-92f1-44a5-9e05-ce75db85d775,rated page with word <post-word> in text,"{""post-word"": ""'abomination'""}"
103,1c17a974-92f1-44a5-9e05-ce75db85d775,clicked on any ad <number> times,"{""number"": ""6""}"
104,1c17a974-92f1-44a5-9e05-ce75db85d775,liked <mention> post,"{""mention"": ""Dolores Cummings'""}"
105,1c17a974-92f1-44a5-9e05-ce75db85d775,replied to Hoe Griffith's post,{}
106,1c17a974-92f1-44a5-9e05-ce75db85d775,liked post containing word <post-word>,"{""post-word"": ""'coastal'""}"
107,1c17a974-92f1-44a5-9e05-ce75db85d775,left a note on page <number> times,"{""number"": ""9""}"
108,1c17a974-92f1-44a5-9e05-ce75db85d775,replied to Hoe Griffith's post,{}
109,1c17a974-92f1-44a5-9e05-ce75db85d775,liked post containing word <post-word>,"{""post-word"": ""'coastal'""}"
110,1c17a974-92f1-44a5-9e05-ce75db85d775,left a note on page <number> times,"{""number"": ""9""}"
111,1c17a974-92f1-44a5-9e05-ce75db85d775,replied to post written by Hoe Griffith's,{}
112,1c17a974-92f1-44a5-9e05-ce75db85d775,liked post with word <post-word>,"{""post-word"": ""'coastal'""}"
113,1c17a974-92f1-44a5-9e05-ce75db85d775,<number> times left a note on a page,"{""number"": ""9""}"
114,1c17a974-92f1-44a5-9e05-ce75db85d775,liked post with word <post-word>,"{""post-word"": ""'coastal'""}"
115,1c17a974-92f1-44a5-9e05-ce75db85d775,replied to post written by Hoe Griffith's,{}
116,1c17a974-92f1-44a5-9e05-ce75db85d775,<number> times left a note on a page,"{""number"": ""9""}"
117,1c17a974-92f1-44a5-9e05-ce75db85d775,liked post with word <post-word>,"{""post-word"": ""'coastal'""}"
118,1c17a974-92f1-44a5-9e05-ce75db85d775,replied to post written by Hoe Griffith's,{}
119,1c17a974-92f1-44a5-9e05-ce75db85d775,left <number> notes on a page,"{""number"": ""9""}"
120,1c17a974-92f1-44a5-9e05-ce75db85d775,viewed a page with word <post-word>,"{""post-word"": ""'adsorbable'""}"
121,1c17a974-92f1-44a5-9e05-ce75db85d775,downloaded <number> files,"{""number"": ""5""}"
122,1c17a974-92f1-44a5-9e05-ce75db85d775,n't enjoy the event,{}
123,47f882a6-7098-4f35-ba9a-543bf1658bef,a <social-network> account,"{""social-network"": ""linkedin""}"
124,47f882a6-7098-4f35-ba9a-543bf1658bef,clicked on an ad with the word <post-word>,"{""post-word"": ""'big'""}"
125,47f882a6-7098-4f35-ba9a-543bf1658bef, commented with a word <post-word>,"{""post-word"": ""'convulsion'""}"
126,47f882a6-7098-4f35-ba9a-543bf1658bef,a <social-network> connection,"{""social-network"": ""linkedin""}"
127,47f882a6-7098-4f35-ba9a-543bf1658bef,clicked an ad containing <post-word>,"{""post-word"": ""'big'""}"
128,47f882a6-7098-4f35-ba9a-543bf1658bef, left a note with <post-word>,"{""post-word"": ""'convulsion'""}"
129,47f882a6-7098-4f35-ba9a-543bf1658bef,clicked an ad with a word <post-word>,"{""post-word"": ""'big'""}"
130,47f882a6-7098-4f35-ba9a-543bf1658bef,are connected with <social-network>,"{""social-network"": ""linkedin""}"
131,47f882a6-7098-4f35-ba9a-543bf1658bef,left commented about <post-word>,"{""post-word"": ""'convulsion'""}"
132,89fe7888-256c-4892-a213-457e66729b10,"""<post-word>"" in their bio","{""post-word"": ""big""}"
133,89fe7888-256c-4892-a213-457e66729b10,liked post about <post-word>,"{""post-word"": ""biplane""}"
134,89fe7888-256c-4892-a213-457e66729b10,replied to post by <mention>,"{""mention"": ""Sherman Cooper""}"
135,89fe7888-256c-4892-a213-457e66729b10,"""<post-word>"" in bio","{""post-word"": ""big""}"
136,89fe7888-256c-4892-a213-457e66729b10,likes <post-word>s,"{""post-word"": ""biplane""}"
137,89fe7888-256c-4892-a213-457e66729b10,replied to <mention>,"{""mention"": ""Sherman Cooper""}"
138,89fe7888-256c-4892-a213-457e66729b10,"""<post-word>"" in description","{""post-word"": ""big""}"
139,89fe7888-256c-4892-a213-457e66729b10,replied to <mention>,"{""mention"": ""Sherman Cooper""}"
140,89fe7888-256c-4892-a213-457e66729b10,liked some post on <post-word>s,"{""post-word"": ""biplane""}"
141,89fe7888-256c-4892-a213-457e66729b10,replied to <mention>,"{""mention"": ""Sherman Cooper""}"
142,89fe7888-256c-4892-a213-457e66729b10,"like posts with ""<post-word>"" in it","{""post-word"": ""biplane""}"
143,89fe7888-256c-4892-a213-457e66729b10,"""<post-word>"" in bio","{""post-word"": ""big""}"
144,89fe7888-256c-4892-a213-457e66729b10,liked post on <post-word>,"{""post-word"": ""biplane""}"
145,89fe7888-256c-4892-a213-457e66729b10,replied to Cooper,{}
146,7ed51af2-135b-476a-98c5-3e8da03c9e2e,liked the post <number> times,"{""number"": ""9""}"
147,7ed51af2-135b-476a-98c5-3e8da03c9e2e,<post-word> in bio,"{""post-word"": ""'captive'""}"
148,7ed51af2-135b-476a-98c5-3e8da03c9e2e,<first-name> as first name,"{""first-name"": ""Chante""}"
149,7ed51af2-135b-476a-98c5-3e8da03c9e2e,the name <first-name>,"{""first-name"": ""Chante""}"
150,7ed51af2-135b-476a-98c5-3e8da03c9e2e,liked the post <number> times,"{""number"": ""9""}"
151,7ed51af2-135b-476a-98c5-3e8da03c9e2e,<post-word> in their bio,"{""post-word"": ""'captive'""}"
152,7ed51af2-135b-476a-98c5-3e8da03c9e2e,liked the post <number> time,"{""number"": ""9""}"
153,7ed51af2-135b-476a-98c5-3e8da03c9e2e,first name <first-name>,"{""first-name"": ""Chante""}"
154,7ed51af2-135b-476a-98c5-3e8da03c9e2e,<post-word> in bio,"{""post-word"": ""'captive'""}"
155,7ed51af2-135b-476a-98c5-3e8da03c9e2e,named <first-name>,"{""first-name"": ""Chante""}"
156,7ed51af2-135b-476a-98c5-3e8da03c9e2e,the word <post-word> in bio,"{""post-word"": ""'captive'""}"
157,7ed51af2-135b-476a-98c5-3e8da03c9e2e,liked the post nine times,{}
158,7ed51af2-135b-476a-98c5-3e8da03c9e2e,<first-name> as first name,"{""first-name"": ""'Chante'""}"
159,7ed51af2-135b-476a-98c5-3e8da03c9e2e,<post-word> in bio,"{""post-word"": ""'captive'""}"
160,7ed51af2-135b-476a-98c5-3e8da03c9e2e,liked post <number> times,"{""number"": ""9""}"
161,7ed51af2-135b-476a-98c5-3e8da03c9e2e,<post-word> in the bio,"{""post-word"": ""'captive'""}"
162,7ed51af2-135b-476a-98c5-3e8da03c9e2e,first name <first-name>,"{""first-name"": ""'Chante'""}"
163,7ed51af2-135b-476a-98c5-3e8da03c9e2e,liked post <number> times,"{""number"": ""9""}"
164,7ed51af2-135b-476a-98c5-3e8da03c9e2e,replied to post about <post-word>,"{""post-word"": ""blackout""}"
165,7ed51af2-135b-476a-98c5-3e8da03c9e2e,rated page <number> times,"{""number"": ""3""}"
166,7ed51af2-135b-476a-98c5-3e8da03c9e2e,wrote a post that contains <post-word>?,"{""post-word"": ""'big'""}"
167,7ed51af2-135b-476a-98c5-3e8da03c9e2e,wrote the post about <post-word>,"{""post-word"": ""'big'""}"
168,7ed51af2-135b-476a-98c5-3e8da03c9e2e,rated page <number> times,"{""number"": ""3""}"
169,7ed51af2-135b-476a-98c5-3e8da03c9e2e,replied to the post that contains word <post-word>?,"{""post-word"": ""'blackout'""}"
170,7ed51af2-135b-476a-98c5-3e8da03c9e2e,mentioned <post-word>,"{""post-word"": ""'big'""}"
171,7ed51af2-135b-476a-98c5-3e8da03c9e2e,replied on post containing <post-word>,"{""post-word"": ""'blackout'""}"
172,7ed51af2-135b-476a-98c5-3e8da03c9e2e,rated the page <number> times?,"{""number"": ""3""}"
173,7ed51af2-135b-476a-98c5-3e8da03c9e2e,"replied to the post that contains word <post-word>""","{""post-word"": ""'blackout""}"
174,7ed51af2-135b-476a-98c5-3e8da03c9e2e,rated page <number> times,"{""number"": ""3""}"
175,7ed51af2-135b-476a-98c5-3e8da03c9e2e,"wrote a post containing <post-word>
","{""post-word"": ""'big'""}"
176,7ed51af2-135b-476a-98c5-3e8da03c9e2e,replied to post with <post-word> in it,"{""post-word"": ""'blackout'""}"
177,7ed51af2-135b-476a-98c5-3e8da03c9e2e,rated the page three times,{}
178,7ed51af2-135b-476a-98c5-3e8da03c9e2e,wrote post that contains <post-word>,"{""post-word"": ""'big'""}"
179,c255bb86-9172-4cc9-84a2-7e710e94106e,wrote a note on page with word <post-word>,"{""post-word"": ""'easy'""}"
180,c255bb86-9172-4cc9-84a2-7e710e94106e,liked a <sentiment> post <number> times,"{""sentiment"": ""positive"", ""number"": ""3""}"
181,c255bb86-9172-4cc9-84a2-7e710e94106e,left a note on page containing <post-word>,"{""post-word"": ""'easy'""}"
182,c255bb86-9172-4cc9-84a2-7e710e94106e,made <number> likes on <sentiment> posts,"{""sentiment"": ""positive"", ""number"": ""3""}"
183,c255bb86-9172-4cc9-84a2-7e710e94106e,created a post with word <post-word> in text,"{""post-word"": ""'easy'""}"
184,c255bb86-9172-4cc9-84a2-7e710e94106e,liked <number> <sentiment> posts,"{""sentiment"": ""positive"", ""number"": ""3""}"
185,c255bb86-9172-4cc9-84a2-7e710e94106e,created a post on page containing <post-word>,"{""post-word"": ""'easy'""}"
186,c255bb86-9172-4cc9-84a2-7e710e94106e,liked <number> <sentiment> posts,"{""sentiment"": ""positive"", ""number"": ""3""}"
187,c255bb86-9172-4cc9-84a2-7e710e94106e,replied to <mention>s post,"{""mention"": ""Andy Chandler'""}"
188,c255bb86-9172-4cc9-84a2-7e710e94106e,bio contains <post-word>,"{""post-word"": ""'beyond'""}"
189,c255bb86-9172-4cc9-84a2-7e710e94106e,viewed <number> pages,"{""number"": ""2""}"
190,c255bb86-9172-4cc9-84a2-7e710e94106e,replied to post written by <mention>,"{""mention"": ""Andy Chandler""}"
191,c255bb86-9172-4cc9-84a2-7e710e94106e,bio contains <post-word>,"{""post-word"": ""'beyond'""}"
192,c255bb86-9172-4cc9-84a2-7e710e94106e,viewed <number> pages,"{""number"": ""2""}"
193,c255bb86-9172-4cc9-84a2-7e710e94106e,replied to post written by <mention>,"{""mention"": ""Andy Chandler""}"
194,c255bb86-9172-4cc9-84a2-7e710e94106e,bio contains <post-word>,"{""post-word"": ""'beyond'""}"
195,c255bb86-9172-4cc9-84a2-7e710e94106e,viewed page <number> times,"{""number"": ""2""}"
196,c255bb86-9172-4cc9-84a2-7e710e94106e,replied to post written by <mention>,"{""mention"": ""Andy Chandler""}"
197,c255bb86-9172-4cc9-84a2-7e710e94106e,bio containing word <post-word>,"{""post-word"": ""'beyond'""}"
198,c255bb86-9172-4cc9-84a2-7e710e94106e,viewed page <number> times,"{""number"": ""2""}"
199,c255bb86-9172-4cc9-84a2-7e710e94106e,replied to post written by <mention>,"{""mention"": ""Andy Chandler""}"
200,c255bb86-9172-4cc9-84a2-7e710e94106e,either <position> position,"{""position"": ""Asylum or Immigration Officer""}"
201,c255bb86-9172-4cc9-84a2-7e710e94106e,website named <website>,"{""website"": ""'bandcamp.com'""}"
202,c255bb86-9172-4cc9-84a2-7e710e94106e,make a reply to the post written by <mention>,"{""mention"": ""Andy Chandler""}"
203,c255bb86-9172-4cc9-84a2-7e710e94106e,either <position> position,"{""position"": ""Asylum or Immigration Officer""}"
204,c255bb86-9172-4cc9-84a2-7e710e94106e,website named <website>,"{""website"": ""'bandcamp.com'""}"
205,c255bb86-9172-4cc9-84a2-7e710e94106e,make a note to the post written by <mention>,"{""mention"": ""Andy Chandler""}"
206,c255bb86-9172-4cc9-84a2-7e710e94106e,either <position> position,"{""position"": ""Asylum or Immigration Officer""}"
207,c255bb86-9172-4cc9-84a2-7e710e94106e,<website> website,"{""website"": ""'bandcamp.com'""}"
208,c255bb86-9172-4cc9-84a2-7e710e94106e,made a note to the <mention>s post,"{""mention"": ""Andy Chandler'""}"
209,c255bb86-9172-4cc9-84a2-7e710e94106e,either <position> position,"{""position"": ""Asylum or Immigration Officer""}"
210,c255bb86-9172-4cc9-84a2-7e710e94106e,<website> website,"{""website"": ""'bandcamp.com'""}"
211,ad086d89-92c8-439f-adf4-e3dc3a62b13c,liked posts about <post-word>,"{""post-word"": ""'escapist'""}"
212,ad086d89-92c8-439f-adf4-e3dc3a62b13c,first name = <first-name>,"{""first-name"": ""'Lavern'""}"
213,ad086d89-92c8-439f-adf4-e3dc3a62b13c,rated pages with type <page-type>,"{""page-type"": ""'session'""}"
214,ad086d89-92c8-439f-adf4-e3dc3a62b13c,first name is <first-name>,"{""first-name"": ""'Lavern'""}"
215,ad086d89-92c8-439f-adf4-e3dc3a62b13c,liked posts about <post-word>,"{""post-word"": ""'escapist'""}"
216,ad086d89-92c8-439f-adf4-e3dc3a62b13c,rated <page-type> pages,"{""page-type"": ""'session'""}"
217,ad086d89-92c8-439f-adf4-e3dc3a62b13c,gave rating to <page-type> pages,"{""page-type"": ""'session'""}"
218,ad086d89-92c8-439f-adf4-e3dc3a62b13c,first name was <first-name>,"{""first-name"": ""'Lavern'""}"
219,ad086d89-92c8-439f-adf4-e3dc3a62b13c,liked all posts about <post-word>,"{""post-word"": ""'escapist'""}"
220,ad086d89-92c8-439f-adf4-e3dc3a62b13c,from <location>,"{""location"": ""'Greece'""}"
221,ad086d89-92c8-439f-adf4-e3dc3a62b13c,website = <website>,"{""website"": ""'free.fr'""}"
222,ad086d89-92c8-439f-adf4-e3dc3a62b13c,attended event <number> times,"{""number"": ""3""}"
223,ad086d89-92c8-439f-adf4-e3dc3a62b13c,participated in event <number> times,"{""number"": ""3""}"
224,ad086d89-92c8-439f-adf4-e3dc3a62b13c,their website is <website>,"{""website"": ""'free.fr'""}"
225,ad086d89-92c8-439f-adf4-e3dc3a62b13c,location is <location>,"{""location"": ""'Greece'""}"
226,ad086d89-92c8-439f-adf4-e3dc3a62b13c,attended event <number> times,"{""number"": ""3""}"
227,ad086d89-92c8-439f-adf4-e3dc3a62b13c,website set in their profile as <website>,"{""website"": ""'free.fr'""}"
228,ad086d89-92c8-439f-adf4-e3dc3a62b13c,all of them from <location>,"{""location"": ""'Greece'""}"
229,98be4665-b3db-4133-a8cf-299dfa8205ab,clicked five times on the ad on <page-type> page,"{""page-type"": ""exhibitor""}"
230,98be4665-b3db-4133-a8cf-299dfa8205ab,no downloads,{}
231,98be4665-b3db-4133-a8cf-299dfa8205ab,clicked five times on the ad on the <page-type> page,"{""page-type"": ""exhibitor""}"
232,98be4665-b3db-4133-a8cf-299dfa8205ab,zero downloads,{}
233,98be4665-b3db-4133-a8cf-299dfa8205ab,users clicked <number> times ad <page-type> page,"{""number"": ""5"", ""page-type"": ""exhibitor""}"
234,98be4665-b3db-4133-a8cf-299dfa8205ab,<number> downloads,"{""number"": ""0""}"
235,98be4665-b3db-4133-a8cf-299dfa8205ab,"bio having ""<post-word>""","{""post-word"": ""biplane""}"
236,98be4665-b3db-4133-a8cf-299dfa8205ab,attended once,{}
237,98be4665-b3db-4133-a8cf-299dfa8205ab,liked a <sentiment> post,"{""sentiment"": ""positive""}"
238,98be4665-b3db-4133-a8cf-299dfa8205ab,<post-word> in bio,"{""post-word"": ""'biplane'""}"
239,98be4665-b3db-4133-a8cf-299dfa8205ab,attended before,{}
240,98be4665-b3db-4133-a8cf-299dfa8205ab,liked a <sentiment>ly colored sentiment,"{""sentiment"": ""positive""}"
241,98be4665-b3db-4133-a8cf-299dfa8205ab,exactly one attend,{}
242,98be4665-b3db-4133-a8cf-299dfa8205ab,liked a post with a <sentiment> sentiment,"{""sentiment"": ""positive""}"
243,98be4665-b3db-4133-a8cf-299dfa8205ab,"who's bio contains ""<post-word>""","{""post-word"": ""biplane""}"
244,98be4665-b3db-4133-a8cf-299dfa8205ab,"a ""<post-word>"" in their profile description","{""post-word"": ""biplane""}"
245,98be4665-b3db-4133-a8cf-299dfa8205ab,attended an event once,{}
246,98be4665-b3db-4133-a8cf-299dfa8205ab,liked a post that can be said to be a <sentiment> one,"{""sentiment"": ""positive""}"
247,98be4665-b3db-4133-a8cf-299dfa8205ab,"wrote a post with ""<post-word>""","{""post-word"": ""rare""}"
248,98be4665-b3db-4133-a8cf-299dfa8205ab,replied to <mention>,"{""mention"": ""Stacy Vaughn""}"
249,98be4665-b3db-4133-a8cf-299dfa8205ab,also has <number><number><number> 9<number>6<number>97<number> as phone,"{""number"": ""9""}"
250,98be4665-b3db-4133-a8cf-299dfa8205ab,"post ""<post-word>""","{""post-word"": ""rare""}"
251,98be4665-b3db-4133-a8cf-299dfa8205ab,made reply to <mention>,"{""mention"": ""Stacy Vaughn""}"
252,98be4665-b3db-4133-a8cf-299dfa8205ab,<number><number><number>9<number>6<number>9<number><number> phone,"{""number"": ""9""}"
253,98be4665-b3db-4133-a8cf-299dfa8205ab,reply to <mention>,"{""mention"": ""Stacy Vaughn""}"
254,98be4665-b3db-4133-a8cf-299dfa8205ab,phone number <number><number><number>9<number>6<number>9<number><number>,"{""number"": ""9""}"
255,98be4665-b3db-4133-a8cf-299dfa8205ab,"post has ""<post-word>""","{""post-word"": ""rare""}"
256,98be4665-b3db-4133-a8cf-299dfa8205ab,"post containing ""<post-word>"" word","{""post-word"": ""rare""}"
257,98be4665-b3db-4133-a8cf-299dfa8205ab,a reply to a user named <mention>,"{""mention"": ""Stacy Vaughn""}"
258,98be4665-b3db-4133-a8cf-299dfa8205ab,a phone (<number><number><number>) 9<number>6-<number>9<number><number>,"{""number"": ""9""}"
259,98be4665-b3db-4133-a8cf-299dfa8205ab,"the ""<post-word>"" word in their writings","{""post-word"": ""rare""}"
260,98be4665-b3db-4133-a8cf-299dfa8205ab,replied to <mention>,"{""mention"": ""Stacy Vaughn""}"
261,98be4665-b3db-4133-a8cf-299dfa8205ab,number is (<number><number><number>) 9<number>6-<number>9<number><number>,"{""number"": ""9""}"
262,3733dc0c-6d13-4260-bd47-0826b656ba9c,downloaded a file <number> times,"{""number"": ""5""}"
263,3733dc0c-6d13-4260-bd47-0826b656ba9c,answered a poll 'no' three times,{}
264,3733dc0c-6d13-4260-bd47-0826b656ba9c,answered three polls with 'no',{}
265,3733dc0c-6d13-4260-bd47-0826b656ba9c,downloaded a file five times,{}
266,3733dc0c-6d13-4260-bd47-0826b656ba9c,answered 'no' for a poll,{}
267,3733dc0c-6d13-4260-bd47-0826b656ba9c,answered at least three polls,{}
268,3733dc0c-6d13-4260-bd47-0826b656ba9c,downloaded a file five times,{}
269,3733dc0c-6d13-4260-bd47-0826b656ba9c,downloaded a file <number> times,"{""number"": ""5""}"
270,3733dc0c-6d13-4260-bd47-0826b656ba9c,answered three polls,{}
271,3733dc0c-6d13-4260-bd47-0826b656ba9c,at least one answer was 'no',{}
272,3733dc0c-6d13-4260-bd47-0826b656ba9c,located in <poll-answer>rth Korea also rated a page that contains <post-word> at least nine times,"{""post-word"": ""'gargoyle'"", ""poll-answer"": ""No""}"
273,3733dc0c-6d13-4260-bd47-0826b656ba9c,liked a page nine time,{}
274,3733dc0c-6d13-4260-bd47-0826b656ba9c,the page contains <post-word>,"{""post-word"": ""'gargoyle'""}"
275,3733dc0c-6d13-4260-bd47-0826b656ba9c,the attendee is located in <poll-answer>rth Korea,"{""poll-answer"": ""No""}"
276,3733dc0c-6d13-4260-bd47-0826b656ba9c,attended the event 'Deeply Seals<number><number>,"{""number"": ""5'""}"
277,3733dc0c-6d13-4260-bd47-0826b656ba9c,<website> website,"{""website"": ""'ow.ly'""}"
278,3733dc0c-6d13-4260-bd47-0826b656ba9c,viewed a page two times,{}
279,3733dc0c-6d13-4260-bd47-0826b656ba9c, <website> as website,"{""website"": ""'ow.ly'""}"
280,3733dc0c-6d13-4260-bd47-0826b656ba9c,viewed at least two pages,{}
281,3733dc0c-6d13-4260-bd47-0826b656ba9c,attended the event 'Deeply Seals<number><number>,"{""number"": ""5'""}"
282,a6568381-2d52-4699-877e-36f5a9956010,answered <poll-answer> in poll,"{""poll-answer"": ""No""}"
283,a6568381-2d52-4699-877e-36f5a9956010,liked post by <mention>,"{""mention"": ""Caleb Ramirez""}"
284,a6568381-2d52-4699-877e-36f5a9956010,replied to post with <post-word>,"{""post-word"": ""'biplane'""}"
285,a6568381-2d52-4699-877e-36f5a9956010,voted <poll-answer> in any poll,"{""poll-answer"": ""No""}"
286,a6568381-2d52-4699-877e-36f5a9956010,liked <mention>s post,"{""mention"": ""Caleb Ramirez'""}"
287,a6568381-2d52-4699-877e-36f5a9956010,replied to the post contains <post-word>,"{""post-word"": ""'biplane'""}"
288,a6568381-2d52-4699-877e-36f5a9956010,answered <poll-answer> in any poll,"{""poll-answer"": ""No""}"
289,a6568381-2d52-4699-877e-36f5a9956010,liked <mention>s content,"{""mention"": ""Caleb Ramirez'""}"
290,a6568381-2d52-4699-877e-36f5a9956010,commented to the post about <post-word>,"{""post-word"": ""'biplane'""}"
291,a6568381-2d52-4699-877e-36f5a9956010,voted <poll-answer>,"{""poll-answer"": ""No""}"
292,a6568381-2d52-4699-877e-36f5a9956010,liked post written by <mention>,"{""mention"": ""Caleb Ramirez""}"
293,a6568381-2d52-4699-877e-36f5a9956010,commented with <post-word> to the post ,"{""post-word"": ""'biplane'""}"
294,a6568381-2d52-4699-877e-36f5a9956010,liked message by <mention>,"{""mention"": ""Caleb Ramirez""}"
295,a6568381-2d52-4699-877e-36f5a9956010,voted <poll-answer>,"{""poll-answer"": ""No""}"
296,a6568381-2d52-4699-877e-36f5a9956010,left a reply for the post about <post-word>,"{""post-word"": ""'biplane'""}"
297,a6568381-2d52-4699-877e-36f5a9956010,liked  <mention>s message,"{""mention"": ""Caleb Ramirez'""}"
298,a6568381-2d52-4699-877e-36f5a9956010, voted <poll-answer>,"{""poll-answer"": ""No""}"
299,a6568381-2d52-4699-877e-36f5a9956010,left a comment for the post with <post-word>,"{""post-word"": ""'biplane'""}"
300,a6568381-2d52-4699-877e-36f5a9956010,attended Deaply Seals<number><number>,"{""number"": ""5""}"
301,a6568381-2d52-4699-877e-36f5a9956010,rated page with <number> stars,"{""number"": ""0""}"
302,a6568381-2d52-4699-877e-36f5a9956010,liked post by <mention>,"{""mention"": ""Caleb Ramirez""}"
303,4a98f580-3e45-4f60-9128-8195f08bd995,wrote a post mentioning <mention> ,"{""mention"": ""Estelle Jimenez""}"
304,4a98f580-3e45-4f60-9128-8195f08bd995,work at <company>,"{""company"": ""Abbott Laboratories""}"
305,4a98f580-3e45-4f60-9128-8195f08bd995,rated a page at least one time ,{}
306,4a98f580-3e45-4f60-9128-8195f08bd995,viewed a page <number> times,"{""number"": ""5""}"
307,4a98f580-3e45-4f60-9128-8195f08bd995,wrote a post that got <number> replies,"{""number"": ""7""}"
308,4a98f580-3e45-4f60-9128-8195f08bd995,replied to a post with <sentiment> sentiment,"{""sentiment"": ""negative""}"
309,4a98f580-3e45-4f60-9128-8195f08bd995,wrote a post with <number> comments,"{""number"": ""7""}"
310,4a98f580-3e45-4f60-9128-8195f08bd995,commented <sentiment>ly,"{""sentiment"": ""negative""}"
311,4a98f580-3e45-4f60-9128-8195f08bd995,bad things to say in a comment ,{}
312,4a98f580-3e45-4f60-9128-8195f08bd995,wrote post that got <number> comments ,"{""number"": ""7""}"
313,4a98f580-3e45-4f60-9128-8195f08bd995,<email>,"{""email"": ""rgarcia@optonline.net""}"
314,4a98f580-3e45-4f60-9128-8195f08bd995,<website> as their website,"{""website"": ""deviantart.com""}"
315,4a98f580-3e45-4f60-9128-8195f08bd995,rated with <number> stars ,"{""number"": ""2""}"
316,4a98f580-3e45-4f60-9128-8195f08bd995,<email> email,"{""email"": ""rgarcia@optonline.net""}"
317,4a98f580-3e45-4f60-9128-8195f08bd995,clicked on the activision <page-type>ed post,"{""page-type"": ""sponsor""}"
318,4a98f580-3e45-4f60-9128-8195f08bd995,converted on the activision <page-type>ed post,"{""page-type"": ""sponsor""}"
319,4a98f580-3e45-4f60-9128-8195f08bd995,biologist,{}
320,4a98f580-3e45-4f60-9128-8195f08bd995,<website> as their website,"{""website"": ""deviantart.com""}"
321,4a98f580-3e45-4f60-9128-8195f08bd995,a post that was liked <number> times,"{""number"": ""7""}"
322,4a98f580-3e45-4f60-9128-8195f08bd995,wrote posts that contain the keyword <post-word>,"{""post-word"": ""honey""}"
323,4a98f580-3e45-4f60-9128-8195f08bd995,wrote about <post-word>,"{""post-word"": ""honey""}"
324,4a98f580-3e45-4f60-9128-8195f08bd995,posted about <post-word>,"{""post-word"": ""honey""}"
325,4a98f580-3e45-4f60-9128-8195f08bd995,works at abbott laboratories ,{}
326,4a98f580-3e45-4f60-9128-8195f08bd995,downloaded a file <number> times,"{""number"": ""3""}"
327,4a98f580-3e45-4f60-9128-8195f08bd995,downloaded something <number> times,"{""number"": ""3""}"
328,4a98f580-3e45-4f60-9128-8195f08bd995,wrote a <sentiment> post,"{""sentiment"": ""positive""}"
329,4a98f580-3e45-4f60-9128-8195f08bd995,wrote something <sentiment>,"{""sentiment"": ""positive""}"
330,4a98f580-3e45-4f60-9128-8195f08bd995,clicked a <page-type>ed post <number> times,"{""number"": ""7"", ""page-type"": ""sponsor""}"
331,4a98f580-3e45-4f60-9128-8195f08bd995,liked a post with the keyword <post-word>,"{""post-word"": ""big""}"
332,4a98f580-3e45-4f60-9128-8195f08bd995,saw any page <number> times,"{""number"": ""5""}"
333,4a98f580-3e45-4f60-9128-8195f08bd995,wrote something about <post-word>,"{""post-word"": ""honey""}"
334,4a98f580-3e45-4f60-9128-8195f08bd995,posted about <post-word>,"{""post-word"": ""honey""}"
335,4a98f580-3e45-4f60-9128-8195f08bd995,viewed a page with <post-word> in the content,"{""post-word"": ""big""}"
336,4a98f580-3e45-4f60-9128-8195f08bd995,viewed a page with <post-word>,"{""post-word"": ""big""}"
337,4a98f580-3e45-4f60-9128-8195f08bd995,wrote post that got <number> comments,"{""number"": ""7""}"
338,4a98f580-3e45-4f60-9128-8195f08bd995,the phone number (<number><number>7) <number><number><number>-7744,"{""number"": ""8""}"
339,4a98f580-3e45-4f60-9128-8195f08bd995,phone number is (<number><number>7) <number><number><number>-7744,"{""number"": ""8""}"
340,4a98f580-3e45-4f60-9128-8195f08bd995,commented one of estelle jimenez's posts,{}
341,4a98f580-3e45-4f60-9128-8195f08bd995,commented estelle jimenez's post,{}
342,4a98f580-3e45-4f60-9128-8195f08bd995,replying to estelle jimeneze's post ,{}
343,4a98f580-3e45-4f60-9128-8195f08bd995,viewed a page <number> times,"{""number"": ""5""}"
344,4a98f580-3e45-4f60-9128-8195f08bd995,named vida,{}
345,4a98f580-3e45-4f60-9128-8195f08bd995,name is vida,{}
346,4a98f580-3e45-4f60-9128-8195f08bd995,named vida,{}
347,4a98f580-3e45-4f60-9128-8195f08bd995,vida,{}
348,0ea9794f-5d2f-4772-b481-49d9c691cba2,used the app <number> times,"{""number"": ""0""}"
349,0ea9794f-5d2f-4772-b481-49d9c691cba2,downloaded <number> files,"{""number"": ""7""}"
350,0ea9794f-5d2f-4772-b481-49d9c691cba2,<last-name> as the last name,"{""last-name"": ""Rodriguez""}"
351,0ea9794f-5d2f-4772-b481-49d9c691cba2,<last-name> for the last name,"{""last-name"": ""Rodriguez""}"
352,0ea9794f-5d2f-4772-b481-49d9c691cba2,n't use the app,{}
353,0ea9794f-5d2f-4772-b481-49d9c691cba2,made <number> file downloads,"{""number"": ""7""}"
354,0ea9794f-5d2f-4772-b481-49d9c691cba2,downloaded  <number> files from the app,"{""number"": ""7""}"
355,0ea9794f-5d2f-4772-b481-49d9c691cba2,surname is <last-name>,"{""last-name"": ""Rodriguez""}"
356,0ea9794f-5d2f-4772-b481-49d9c691cba2,opened the app <number> times,"{""number"": ""0""}"
357,0ea9794f-5d2f-4772-b481-49d9c691cba2,opened the app <number> times,"{""number"": ""0""}"
358,0ea9794f-5d2f-4772-b481-49d9c691cba2,<last-name> for the last name,"{""last-name"": ""Rodriguez""}"
359,0ea9794f-5d2f-4772-b481-49d9c691cba2,made <number> file downloads,"{""number"": ""7""}"
360,0ea9794f-5d2f-4772-b481-49d9c691cba2,last name equals <last-name>,"{""last-name"": ""Rodriguez""}"
361,0ea9794f-5d2f-4772-b481-49d9c691cba2,made <number> file downloads,"{""number"": ""7""}"
362,0ea9794f-5d2f-4772-b481-49d9c691cba2,used the app <number> times,"{""number"": ""0""}"
363,0ea9794f-5d2f-4772-b481-49d9c691cba2,answered <poll-answer> to a poll,"{""poll-answer"": ""'No'""}"
364,0ea9794f-5d2f-4772-b481-49d9c691cba2,created a post with <sentiment> sentiment,"{""sentiment"": ""negative""}"
365,0ea9794f-5d2f-4772-b481-49d9c691cba2,liked a post with <sentiment> sentiment,"{""sentiment"": ""positive""}"
366,0ea9794f-5d2f-4772-b481-49d9c691cba2,created a post with <sentiment> sentiment,"{""sentiment"": ""negative""}"
367,0ea9794f-5d2f-4772-b481-49d9c691cba2,answered <poll-answer> to a poll,"{""poll-answer"": ""'No'""}"
368,0ea9794f-5d2f-4772-b481-49d9c691cba2,liked a post with <sentiment> sentiment,"{""sentiment"": ""positive""}"
369,0ea9794f-5d2f-4772-b481-49d9c691cba2,liked a post with <sentiment> sentiment,"{""sentiment"": ""positive""}"
370,0ea9794f-5d2f-4772-b481-49d9c691cba2,answered <poll-answer> to a poll,"{""poll-answer"": ""'No'""}"
371,0ea9794f-5d2f-4772-b481-49d9c691cba2,created a post with <sentiment> sentiment,"{""sentiment"": ""negative""}"
372,0ea9794f-5d2f-4772-b481-49d9c691cba2,post has <sentiment> sentiment,"{""sentiment"": ""negative""}"
373,0ea9794f-5d2f-4772-b481-49d9c691cba2,liked someone else's post with <sentiment> sentiment,"{""sentiment"": ""positive""}"
374,0ea9794f-5d2f-4772-b481-49d9c691cba2,responded <poll-answer> to a poll,"{""poll-answer"": ""'No'""}"
375,0ea9794f-5d2f-4772-b481-49d9c691cba2,attendees posted at least one post with <sentiment> sentiment,"{""sentiment"": ""negative""}"
376,0ea9794f-5d2f-4772-b481-49d9c691cba2,liked a post with <sentiment> sentiment,"{""sentiment"": ""positive""}"
377,0ea9794f-5d2f-4772-b481-49d9c691cba2,responded <poll-answer> to a poll,"{""poll-answer"": ""'No'""}"
378,0ea9794f-5d2f-4772-b481-49d9c691cba2,participated in a poll with the question <poll-question>?',"{""poll-question"": ""'Do you sleep with your sheets tucked in""}"
379,0ea9794f-5d2f-4772-b481-49d9c691cba2,rated a page <number> times,"{""number"": ""7""}"
380,0ea9794f-5d2f-4772-b481-49d9c691cba2,clicked on an ad <number> time,"{""number"": ""1""}"
381,0ea9794f-5d2f-4772-b481-49d9c691cba2,rated a page <number> times,"{""number"": ""7""}"
382,0ea9794f-5d2f-4772-b481-49d9c691cba2,participated in a poll with the question <poll-question>?',"{""poll-question"": ""'Do you sleep with your sheets tucked in""}"
383,0ea9794f-5d2f-4772-b481-49d9c691cba2,clicked on an ad <number> time,"{""number"": ""1""}"
384,0ea9794f-5d2f-4772-b481-49d9c691cba2,clicked on an ad <number> time,"{""number"": ""1""}"
385,0ea9794f-5d2f-4772-b481-49d9c691cba2,rated a page <number> times,"{""number"": ""7""}"
386,0ea9794f-5d2f-4772-b481-49d9c691cba2,participated in a poll with the question <poll-question>?',"{""poll-question"": ""'Do you sleep with your sheets tucked in""}"
387,0ea9794f-5d2f-4772-b481-49d9c691cba2,gave a rating to a page <number> times,"{""number"": ""7""}"
388,0ea9794f-5d2f-4772-b481-49d9c691cba2,interacted with an ad <number> time,"{""number"": ""1""}"
389,0ea9794f-5d2f-4772-b481-49d9c691cba2,voted on a poll with the question <poll-question>?',"{""poll-question"": ""'Do you sleep with your sheets tucked in""}"
390,0ea9794f-5d2f-4772-b481-49d9c691cba2,answered <poll-question>?' in a poll,"{""poll-question"": ""'Do you sleep with your sheets tucked in""}"
391,0ea9794f-5d2f-4772-b481-49d9c691cba2,rated <number> pages,"{""number"": ""7""}"
392,0ea9794f-5d2f-4772-b481-49d9c691cba2,clicked an ad <number> time,"{""number"": ""1""}"
393,0ea9794f-5d2f-4772-b481-49d9c691cba2,<position> in the position field,"{""position"": ""Administrative Generalist/Specialist""}"
394,0ea9794f-5d2f-4772-b481-49d9c691cba2,phone number equals (<number><number><number>) <number>4<number>-824<number>,"{""number"": ""9""}"
395,0ea9794f-5d2f-4772-b481-49d9c691cba2,liked a post that contains <post-word>,"{""post-word"": ""'pragmatic'""}"
396,0ea9794f-5d2f-4772-b481-49d9c691cba2,the phone number (<number><number><number>) <number>4<number>-824<number>,"{""number"": ""9""}"
397,0ea9794f-5d2f-4772-b481-49d9c691cba2,liked a post with the word <post-word>,"{""post-word"": ""'pragmatic'""}"
398,0ea9794f-5d2f-4772-b481-49d9c691cba2,<position> position,"{""position"": ""Administrative Generalist/Specialist""}"
399,0ea9794f-5d2f-4772-b481-49d9c691cba2,liked a post containing <post-word>,"{""post-word"": ""'pragmatic'""}"
400,0ea9794f-5d2f-4772-b481-49d9c691cba2,holds the position of <position>,"{""position"": ""Administrative Generalist/Specialist""}"
401,0ea9794f-5d2f-4772-b481-49d9c691cba2,phone number is (<number><number><number>) <number>4<number>-824<number>,"{""number"": ""9""}"
402,0ea9794f-5d2f-4772-b481-49d9c691cba2,profile details contain the phone number (<number><number><number>) <number>4<number>-824<number>,"{""number"": ""9""}"
403,0ea9794f-5d2f-4772-b481-49d9c691cba2,left at least one like on a post with the word <post-word>,"{""post-word"": ""'pragmatic'""}"
404,0ea9794f-5d2f-4772-b481-49d9c691cba2,<position> position,"{""position"": ""Administrative Generalist/Specialist""}"
405,0ea9794f-5d2f-4772-b481-49d9c691cba2,<position>s,"{""position"": ""Administrative Generalist/Specialist""}"
406,0ea9794f-5d2f-4772-b481-49d9c691cba2,the phone number (<number><number><number>) <number>4<number>-824<number>,"{""number"": ""9""}"
407,0ea9794f-5d2f-4772-b481-49d9c691cba2,liked a post containing the word <post-word>,"{""post-word"": ""'pragmatic'""}"
408,0ea9794f-5d2f-4772-b481-49d9c691cba2,profile details contain <position> position for the position,"{""position"": ""Administrative Generalist/Specialist""}"
409,0ea9794f-5d2f-4772-b481-49d9c691cba2,(<number><number><number>) <number>4<number>-824<number> for the phone number,"{""number"": ""9""}"
410,0ea9794f-5d2f-4772-b481-49d9c691cba2,liked a post that contains <post-word>,"{""post-word"": ""'pragmatic'""}"
411,0ea9794f-5d2f-4772-b481-49d9c691cba2,first name is <first-name>,"{""first-name"": ""Nancie""}"
412,0ea9794f-5d2f-4772-b481-49d9c691cba2,participated in <number> polls,"{""number"": ""7""}"
413,0ea9794f-5d2f-4772-b481-49d9c691cba2,saved a note for a page that contains <post-word>,"{""post-word"": ""'concussion'""}"
414,0ea9794f-5d2f-4772-b481-49d9c691cba2,<first-name> as the first name,"{""first-name"": ""Nancie""}"
415,0ea9794f-5d2f-4772-b481-49d9c691cba2,participated in a poll <number> times,"{""number"": ""7""}"
416,0ea9794f-5d2f-4772-b481-49d9c691cba2,left a note on a page that contains <post-word>,"{""post-word"": ""'concussion'""}"
417,0ea9794f-5d2f-4772-b481-49d9c691cba2,saved a note on page containing the word <post-word>,"{""post-word"": ""'concussion'""}"
418,0ea9794f-5d2f-4772-b481-49d9c691cba2,voted on <number> polls,"{""number"": ""7""}"
419,0ea9794f-5d2f-4772-b481-49d9c691cba2,<first-name> as first name,"{""first-name"": ""Nancie""}"
420,0ea9794f-5d2f-4772-b481-49d9c691cba2,left a vote on <number> polls,"{""number"": ""7""}"
421,0ea9794f-5d2f-4772-b481-49d9c691cba2,first name equals <first-name>,"{""first-name"": ""Nancie""}"
422,0ea9794f-5d2f-4772-b481-49d9c691cba2,added a note to page with the word <post-word>,"{""post-word"": ""'concussion'""}"
423,0ea9794f-5d2f-4772-b481-49d9c691cba2,created a note to page containing <post-word>,"{""post-word"": ""'concussion'""}"
424,0ea9794f-5d2f-4772-b481-49d9c691cba2,took part in <number> polls,"{""number"": ""7""}"
425,0ea9794f-5d2f-4772-b481-49d9c691cba2,first name is <first-name>,"{""first-name"": ""Nancie""}"
426,0ea9794f-5d2f-4772-b481-49d9c691cba2,replied to a post by <mention>,"{""mention"": ""Kristin Hansen""}"
427,0ea9794f-5d2f-4772-b481-49d9c691cba2,clicked on an ad <number> time,"{""number"": ""1""}"
428,0ea9794f-5d2f-4772-b481-49d9c691cba2,<location> as location,"{""location"": ""Samoa""}"
429,0ea9794f-5d2f-4772-b481-49d9c691cba2,<location> as location,"{""location"": ""Samoa""}"
430,0ea9794f-5d2f-4772-b481-49d9c691cba2,replied to a post by <mention>,"{""mention"": ""Kristin Hansen""}"
431,0ea9794f-5d2f-4772-b481-49d9c691cba2,clicked on an ad <number> time,"{""number"": ""1""}"
432,0ea9794f-5d2f-4772-b481-49d9c691cba2,clicked on an ad <number> time,"{""number"": ""1""}"
433,0ea9794f-5d2f-4772-b481-49d9c691cba2,<location> as location,"{""location"": ""Samoa""}"
434,0ea9794f-5d2f-4772-b481-49d9c691cba2,replied to a post by <mention>,"{""mention"": ""Kristin Hansen""}"
435,0ea9794f-5d2f-4772-b481-49d9c691cba2,left a comment on a post by <mention>,"{""mention"": ""Kristin Hansen""}"
436,0ea9794f-5d2f-4772-b481-49d9c691cba2,clicked on <number> add,"{""number"": ""1""}"
437,0ea9794f-5d2f-4772-b481-49d9c691cba2,<location> in profile details ,"{""location"": ""Samoa""}"
438,0ea9794f-5d2f-4772-b481-49d9c691cba2,<location> in profile details,"{""location"": ""Samoa""}"
439,0ea9794f-5d2f-4772-b481-49d9c691cba2,left a comment on a post by <mention>,"{""mention"": ""Kristin Hansen""}"
440,0ea9794f-5d2f-4772-b481-49d9c691cba2,clicked on <number> add,"{""number"": ""1""}"
441,0ea9794f-5d2f-4772-b481-49d9c691cba2,clicked on <number> add,"{""number"": ""1""}"
442,0ea9794f-5d2f-4772-b481-49d9c691cba2,<location> in profile details,"{""location"": ""Samoa""}"
443,0ea9794f-5d2f-4772-b481-49d9c691cba2,left a comment on a post by <mention>,"{""mention"": ""Kristin Hansen""}"
444,0ea9794f-5d2f-4772-b481-49d9c691cba2,attendees from <location>,"{""location"": ""Samoa""}"
445,0ea9794f-5d2f-4772-b481-49d9c691cba2,commented on  <mention>s post,"{""mention"": ""Kristin Hansen'""}"
446,0ea9794f-5d2f-4772-b481-49d9c691cba2,clicked on an ad <number> time,"{""number"": ""1""}"
447,0ea9794f-5d2f-4772-b481-49d9c691cba2,clicked on an ad <number> time,"{""number"": ""1""}"
448,0ea9794f-5d2f-4772-b481-49d9c691cba2,commented on <mention>s post,"{""mention"": ""Kristin Hansen'""}"
449,0ea9794f-5d2f-4772-b481-49d9c691cba2,from <location>,"{""location"": ""Samoa""}"
450,0ea9794f-5d2f-4772-b481-49d9c691cba2,commented on <mention>s post,"{""mention"": ""Kristin Hansen'""}"
451,0ea9794f-5d2f-4772-b481-49d9c691cba2,clicked on an ad <number> time,"{""number"": ""1""}"
452,0ea9794f-5d2f-4772-b481-49d9c691cba2,from <location>,"{""location"": ""Samoa""}"
453,0ea9794f-5d2f-4772-b481-49d9c691cba2,viewed a page with <page-type> type,"{""page-type"": ""'speaker'""}"
454,0ea9794f-5d2f-4772-b481-49d9c691cba2,wrote a post with <sentiment> sentiment,"{""sentiment"": ""negative""}"
455,0ea9794f-5d2f-4772-b481-49d9c691cba2,answered <poll-answer> to a poll,"{""poll-answer"": ""'No'""}"
456,0ea9794f-5d2f-4772-b481-49d9c691cba2,answered <poll-answer> to a poll,"{""poll-answer"": ""'No'""}"
457,0ea9794f-5d2f-4772-b481-49d9c691cba2,viewed a page with <page-type> type,"{""page-type"": ""'speaker'""}"
458,0ea9794f-5d2f-4772-b481-49d9c691cba2,wrote a post with <sentiment> sentiment,"{""sentiment"": ""negative""}"
459,0ea9794f-5d2f-4772-b481-49d9c691cba2,wrote a post with <sentiment> sentiment,"{""sentiment"": ""negative""}"
460,0ea9794f-5d2f-4772-b481-49d9c691cba2,answered <poll-answer> to a poll,"{""poll-answer"": ""'No'""}"
461,0ea9794f-5d2f-4772-b481-49d9c691cba2,viewed a page with <page-type> type,"{""page-type"": ""'speaker'""}"
462,0ea9794f-5d2f-4772-b481-49d9c691cba2,visited a page with type <page-type>,"{""page-type"": ""'speaker'""}"
463,0ea9794f-5d2f-4772-b481-49d9c691cba2,added a post with <sentiment> sentiment,"{""sentiment"": ""negative""}"
464,0ea9794f-5d2f-4772-b481-49d9c691cba2,voted with <poll-answer> in a poll,"{""poll-answer"": ""'No'""}"
465,0ea9794f-5d2f-4772-b481-49d9c691cba2,answer to a poll equals <poll-answer>,"{""poll-answer"": ""'No'""}"
466,0ea9794f-5d2f-4772-b481-49d9c691cba2,visited a page with type <page-type>,"{""page-type"": ""'speaker'""}"
467,0ea9794f-5d2f-4772-b481-49d9c691cba2,added a post with <sentiment> sentiment,"{""sentiment"": ""negative""}"
468,0ea9794f-5d2f-4772-b481-49d9c691cba2,created a post with <sentiment> sentiment,"{""sentiment"": ""negative""}"
469,0ea9794f-5d2f-4772-b481-49d9c691cba2,answer to a poll equals <poll-answer>,"{""poll-answer"": ""'No'""}"
470,0ea9794f-5d2f-4772-b481-49d9c691cba2,visited a page with type <page-type>,"{""page-type"": ""'speaker'""}"
471,0ea9794f-5d2f-4772-b481-49d9c691cba2,phone number is (<number><number><number>) <number>4<number>-824<number>,"{""number"": ""9""}"
472,0ea9794f-5d2f-4772-b481-49d9c691cba2,viewed <number> pages,"{""number"": ""4""}"
473,0ea9794f-5d2f-4772-b481-49d9c691cba2,attended <number> events,"{""number"": ""0""}"
474,0ea9794f-5d2f-4772-b481-49d9c691cba2,attended <number> events,"{""number"": ""0""}"
475,0ea9794f-5d2f-4772-b481-49d9c691cba2,phone number is (<number><number><number>) <number>4<number>-824<number>,"{""number"": ""9""}"
476,0ea9794f-5d2f-4772-b481-49d9c691cba2,viewed <number> pages,"{""number"": ""4""}"
477,0ea9794f-5d2f-4772-b481-49d9c691cba2,viewed <number> pages,"{""number"": ""4""}"
478,0ea9794f-5d2f-4772-b481-49d9c691cba2,attended <number> events,"{""number"": ""0""}"
479,0ea9794f-5d2f-4772-b481-49d9c691cba2,phone number is (<number><number><number>) <number>4<number>-824<number>,"{""number"": ""9""}"
480,0ea9794f-5d2f-4772-b481-49d9c691cba2,profile phone contains (<number><number><number>) <number>4<number>-824<number>,"{""number"": ""9""}"
481,0ea9794f-5d2f-4772-b481-49d9c691cba2,visited <number> pages,"{""number"": ""4""}"
482,0ea9794f-5d2f-4772-b481-49d9c691cba2,went to <number> events,"{""number"": ""0""}"
483,0ea9794f-5d2f-4772-b481-49d9c691cba2,went to <number> events,"{""number"": ""0""}"
484,0ea9794f-5d2f-4772-b481-49d9c691cba2,visited <number> pages,"{""number"": ""4""}"
485,0ea9794f-5d2f-4772-b481-49d9c691cba2,profile phone contains (<number><number><number>) <number>4<number>-824<number>,"{""number"": ""9""}"
486,0ea9794f-5d2f-4772-b481-49d9c691cba2,viewed a page with <post-word>,"{""post-word"": ""'biplane'""}"
487,0ea9794f-5d2f-4772-b481-49d9c691cba2,left <number> notes,"{""number"": ""3""}"
488,0ea9794f-5d2f-4772-b481-49d9c691cba2,downloaded <number> files,"{""number"": ""7""}"
489,0ea9794f-5d2f-4772-b481-49d9c691cba2,downloaded <number> files,"{""number"": ""7""}"
490,0ea9794f-5d2f-4772-b481-49d9c691cba2,viewed a page with <post-word>,"{""post-word"": ""'biplane'""}"
491,0ea9794f-5d2f-4772-b481-49d9c691cba2,left <number> notes,"{""number"": ""3""}"
492,0ea9794f-5d2f-4772-b481-49d9c691cba2,left <number> notes,"{""number"": ""3""}"
493,0ea9794f-5d2f-4772-b481-49d9c691cba2,downloaded <number> files,"{""number"": ""7""}"
494,0ea9794f-5d2f-4772-b481-49d9c691cba2,viewed a page with <post-word>,"{""post-word"": ""'biplane'""}"
495,0ea9794f-5d2f-4772-b481-49d9c691cba2,visited a page that contains <post-word>,"{""post-word"": ""'biplane'""}"
496,0ea9794f-5d2f-4772-b481-49d9c691cba2,created <number> notes,"{""number"": ""3""}"
497,0ea9794f-5d2f-4772-b481-49d9c691cba2,made <number> file downloads,"{""number"": ""7""}"
498,0ea9794f-5d2f-4772-b481-49d9c691cba2,made <number> file downloads,"{""number"": ""7""}"
499,0ea9794f-5d2f-4772-b481-49d9c691cba2,visited a page that contains <post-word>,"{""post-word"": ""'biplane'""}"
500,0ea9794f-5d2f-4772-b481-49d9c691cba2,created <number> notes,"{""number"": ""3""}"
501,0ea9794f-5d2f-4772-b481-49d9c691cba2,created <number> notes,"{""number"": ""3""}"
502,0ea9794f-5d2f-4772-b481-49d9c691cba2,made <number> file downloads,"{""number"": ""7""}"
503,0ea9794f-5d2f-4772-b481-49d9c691cba2,visited a page that contains <post-word>,"{""post-word"": ""'biplane'""}"
504,0ea9794f-5d2f-4772-b481-49d9c691cba2,downloaded a file with name <file-name>,"{""file-name"": ""'presentation.pptx'""}"
505,0ea9794f-5d2f-4772-b481-49d9c691cba2,liked a post with <sentiment> sentiment,"{""sentiment"": ""positive""}"
506,0ea9794f-5d2f-4772-b481-49d9c691cba2,connected <social-network>,"{""social-network"": ""facebook""}"
507,0ea9794f-5d2f-4772-b481-49d9c691cba2,connected <social-network>,"{""social-network"": ""facebook""}"
508,0ea9794f-5d2f-4772-b481-49d9c691cba2,downloaded a file with name <file-name>,"{""file-name"": ""'presentation.pptx'""}"
509,0ea9794f-5d2f-4772-b481-49d9c691cba2,liked a post with <sentiment> sentiment,"{""sentiment"": ""positive""}"
510,0ea9794f-5d2f-4772-b481-49d9c691cba2,liked a post with <sentiment> sentiment,"{""sentiment"": ""positive""}"
511,0ea9794f-5d2f-4772-b481-49d9c691cba2,connected <social-network>,"{""social-network"": ""facebook""}"
512,0ea9794f-5d2f-4772-b481-49d9c691cba2,downloaded a file with name <file-name>,"{""file-name"": ""'presentation.pptx'""}"
513,0ea9794f-5d2f-4772-b481-49d9c691cba2,made a download of a file which contains <file-name> in the name,"{""file-name"": ""'presentation.pptx'""}"
514,0ea9794f-5d2f-4772-b481-49d9c691cba2,liked a post with <sentiment> sentiment,"{""sentiment"": ""positive""}"
515,0ea9794f-5d2f-4772-b481-49d9c691cba2,linked <social-network> to their profile,"{""social-network"": ""facebook""}"
516,0ea9794f-5d2f-4772-b481-49d9c691cba2,linked <social-network> to their profile,"{""social-network"": ""facebook""}"
517,0ea9794f-5d2f-4772-b481-49d9c691cba2,made a download of a file which contains <file-name> in the name,"{""file-name"": ""'presentation.pptx'""}"
518,0ea9794f-5d2f-4772-b481-49d9c691cba2,liked a post with <sentiment> sentiment,"{""sentiment"": ""positive""}"
519,0ea9794f-5d2f-4772-b481-49d9c691cba2,liked a post with <sentiment> sentiment,"{""sentiment"": ""positive""}"
520,0ea9794f-5d2f-4772-b481-49d9c691cba2,linked <social-network> to their profile,"{""social-network"": ""facebook""}"
521,0ea9794f-5d2f-4772-b481-49d9c691cba2,made a download of a file which contains <file-name> in the name,"{""file-name"": ""'presentation.pptx'""}"
522,2dfad3f1-b93f-46aa-a2fa-20f390407243,clicked on ad by <company>,"{""company"": ""'AC Lens'""}"
523,2dfad3f1-b93f-46aa-a2fa-20f390407243,answered <poll-answer> in quick poll,"{""poll-answer"": ""'Yes'""}"
524,2dfad3f1-b93f-46aa-a2fa-20f390407243,wrote post mentioning <mention>,"{""mention"": ""Dorothy Larson""}"
525,2dfad3f1-b93f-46aa-a2fa-20f390407243,choose <poll-answer> answer in poll,"{""poll-answer"": ""'Yes'""}"
526,2dfad3f1-b93f-46aa-a2fa-20f390407243,mentioned <mention> in post,"{""mention"": ""Dorothy Larson""}"
527,2dfad3f1-b93f-46aa-a2fa-20f390407243,clicked on <company> ad,"{""company"": ""'AC Lens'""}"
528,2dfad3f1-b93f-46aa-a2fa-20f390407243,posts about <mention>,"{""mention"": ""Dorothy Larson""}"
529,2dfad3f1-b93f-46aa-a2fa-20f390407243,<poll-answer> answers in poll,"{""poll-answer"": ""'Yes'""}"
530,2dfad3f1-b93f-46aa-a2fa-20f390407243,clicks on ads published by <company>,"{""company"": ""'AC Lens'""}"
531,2dfad3f1-b93f-46aa-a2fa-20f390407243,participated in quick poll answering <poll-answer>,"{""poll-answer"": ""'Yes'""}"
532,2dfad3f1-b93f-46aa-a2fa-20f390407243,clicked on ad by <company>,"{""company"": ""'AC Lens'""}"
533,2dfad3f1-b93f-46aa-a2fa-20f390407243,wrote post with <mention>s mention,"{""mention"": ""Dorothy Larson'""}"
534,2dfad3f1-b93f-46aa-a2fa-20f390407243,clicked on <company> ad,"{""company"": ""'AC Lens'""}"
535,2dfad3f1-b93f-46aa-a2fa-20f390407243,voted <poll-answer> in poll,"{""poll-answer"": ""'Yes'""}"
536,2dfad3f1-b93f-46aa-a2fa-20f390407243,posted about <mention>,"{""mention"": ""Dorothy Larson""}"
537,2dfad3f1-b93f-46aa-a2fa-20f390407243,choose <poll-answer> in poll,"{""poll-answer"": ""'Yes'""}"
538,2dfad3f1-b93f-46aa-a2fa-20f390407243,wrote post with mention of <mention>,"{""mention"": ""Dorothy Larson""}"
539,2dfad3f1-b93f-46aa-a2fa-20f390407243,clicked on ad created by <company>,"{""company"": ""'AC Lens'""}"
540,2dfad3f1-b93f-46aa-a2fa-20f390407243,viewed <page-type> pages,"{""page-type"": ""session""}"
541,2dfad3f1-b93f-46aa-a2fa-20f390407243,answered <poll-answer> in poll,"{""poll-answer"": ""'Yes'""}"
542,2dfad3f1-b93f-46aa-a2fa-20f390407243,downloaded file <number> times,"{""number"": ""9""}"
543,2dfad3f1-b93f-46aa-a2fa-20f390407243,downloaded a file <number> times,"{""number"": ""9""}"
544,2dfad3f1-b93f-46aa-a2fa-20f390407243,choose <poll-answer> option in quick poll,"{""poll-answer"": ""'Yes'""}"
545,2dfad3f1-b93f-46aa-a2fa-20f390407243,viewed page with <page-type> type,"{""page-type"": ""'session'""}"
546,2dfad3f1-b93f-46aa-a2fa-20f390407243,choose <poll-answer> answer in poll,"{""poll-answer"": ""'Yes'""}"
547,2dfad3f1-b93f-46aa-a2fa-20f390407243,clicked on file <number> times,"{""number"": ""9""}"
548,2dfad3f1-b93f-46aa-a2fa-20f390407243,checked <page-type> page,"{""page-type"": ""session""}"
549,2dfad3f1-b93f-46aa-a2fa-20f390407243,<page-type> page views,"{""page-type"": ""session""}"
550,2dfad3f1-b93f-46aa-a2fa-20f390407243,<poll-answer> quick poll answers,"{""poll-answer"": ""'Yes'""}"
551,2dfad3f1-b93f-46aa-a2fa-20f390407243,<number> file downloads,"{""number"": ""9""}"
552,2dfad3f1-b93f-46aa-a2fa-20f390407243,downloaded file <number> times,"{""number"": ""9""}"
553,2dfad3f1-b93f-46aa-a2fa-20f390407243,participated in poll answering <poll-answer>,"{""poll-answer"": ""'Yes'""}"
554,2dfad3f1-b93f-46aa-a2fa-20f390407243,viewe sesssion page,{}
555,2dfad3f1-b93f-46aa-a2fa-20f390407243,<number> file downloads,"{""number"": ""9""}"
556,2dfad3f1-b93f-46aa-a2fa-20f390407243,<poll-answer> answer in quick poll,"{""poll-answer"": ""'Yes'""}"
557,2dfad3f1-b93f-46aa-a2fa-20f390407243,<page-type> view,"{""page-type"": ""session""}"
558,2dfad3f1-b93f-46aa-a2fa-20f390407243,left a note on page with <page-type> type,"{""page-type"": ""'speaker'""}"
559,2dfad3f1-b93f-46aa-a2fa-20f390407243,work at <company>,"{""company"": ""Abercrombie & Fitch""}"
560,2dfad3f1-b93f-46aa-a2fa-20f390407243,rated page with <page-type> type,"{""page-type"": ""'exhibitor'""}"
561,2dfad3f1-b93f-46aa-a2fa-20f390407243,rated <page-type>s page,"{""page-type"": ""exhibitor'""}"
562,2dfad3f1-b93f-46aa-a2fa-20f390407243,left a note on <page-type>s page,"{""page-type"": ""speaker'""}"
563,2dfad3f1-b93f-46aa-a2fa-20f390407243,work at <company>,"{""company"": ""Abercrombie & Fitch""}"
564,2dfad3f1-b93f-46aa-a2fa-20f390407243,works ar <company>,"{""company"": ""Abercrombie & Fitch""}"
565,2dfad3f1-b93f-46aa-a2fa-20f390407243,<page-type>s page rating,"{""page-type"": ""exhibitor'""}"
566,2dfad3f1-b93f-46aa-a2fa-20f390407243,note on <page-type>s page,"{""page-type"": ""speaker'""}"
567,2dfad3f1-b93f-46aa-a2fa-20f390407243,note about <page-type>,"{""page-type"": ""speaker""}"
568,2dfad3f1-b93f-46aa-a2fa-20f390407243,<page-type> rating,"{""page-type"": ""exhibitor""}"
569,2dfad3f1-b93f-46aa-a2fa-20f390407243,works at <company>,"{""company"": ""Abercrombie & Fitch""}"
570,2dfad3f1-b93f-46aa-a2fa-20f390407243,from <company>,"{""company"": ""Abercrombie & Fitch""}"
571,2dfad3f1-b93f-46aa-a2fa-20f390407243,rated an <page-type>,"{""page-type"": ""exhibitor""}"
572,2dfad3f1-b93f-46aa-a2fa-20f390407243,left a note about <page-type>,"{""page-type"": ""speaker""}"
573,2dfad3f1-b93f-46aa-a2fa-20f390407243,rated an <page-type>,"{""page-type"": ""exhibitor""}"
574,2dfad3f1-b93f-46aa-a2fa-20f390407243,works at <company>,"{""company"": ""Abercrombie & Fitch""}"
575,2dfad3f1-b93f-46aa-a2fa-20f390407243,left a note on <page-type>s page,"{""page-type"": ""speaker'""}"
576,2dfad3f1-b93f-46aa-a2fa-20f390407243,connected <social-network>+,"{""social-network"": ""google""}"
577,2dfad3f1-b93f-46aa-a2fa-20f390407243,written <sentiment> posts,"{""sentiment"": ""positive""}"
578,2dfad3f1-b93f-46aa-a2fa-20f390407243,n't <enjoyment> the event,"{""enjoyment"": ""enjoyed""}"
579,2dfad3f1-b93f-46aa-a2fa-20f390407243,<sentiment> sentiment towards event,"{""sentiment"": ""negative""}"
580,2dfad3f1-b93f-46aa-a2fa-20f390407243,<sentiment> post,"{""sentiment"": ""positive""}"
581,2dfad3f1-b93f-46aa-a2fa-20f390407243,connected <social-network>+,"{""social-network"": ""google""}"
582,2dfad3f1-b93f-46aa-a2fa-20f390407243,connected <social-network>+ account,"{""social-network"": ""google""}"
583,2dfad3f1-b93f-46aa-a2fa-20f390407243,post with <sentiment> sentiment,"{""sentiment"": ""positive""}"
584,2dfad3f1-b93f-46aa-a2fa-20f390407243,n't enjoy the event,{}
585,2dfad3f1-b93f-46aa-a2fa-20f390407243,n't enjoy event,{}
586,2dfad3f1-b93f-46aa-a2fa-20f390407243,written <sentiment> sentiment,"{""sentiment"": ""positive""}"
587,2dfad3f1-b93f-46aa-a2fa-20f390407243,connected <social-network>+,"{""social-network"": ""google""}"
588,2dfad3f1-b93f-46aa-a2fa-20f390407243,n't like the event,{}
589,2dfad3f1-b93f-46aa-a2fa-20f390407243,connected <social-network>+ account,"{""social-network"": ""google""}"
590,2dfad3f1-b93f-46aa-a2fa-20f390407243,composed a <sentiment> post,"{""sentiment"": ""positive""}"
591,2dfad3f1-b93f-46aa-a2fa-20f390407243,linked <social-network>+ account,"{""social-network"": ""google""}"
592,2dfad3f1-b93f-46aa-a2fa-20f390407243,written post with <sentiment> sentiment,"{""sentiment"": ""positive""}"
593,2dfad3f1-b93f-46aa-a2fa-20f390407243,n't really like the event,{}
594,2dfad3f1-b93f-46aa-a2fa-20f390407243,from Vatican city,{}
595,2dfad3f1-b93f-46aa-a2fa-20f390407243,replied to posts about <post-word>,"{""post-word"": ""'concussion'""}"
596,2dfad3f1-b93f-46aa-a2fa-20f390407243,n't enjoy the event,{}
597,2dfad3f1-b93f-46aa-a2fa-20f390407243,replied to post with <post-word>,"{""post-word"": ""'concussion'""}"
598,2dfad3f1-b93f-46aa-a2fa-20f390407243,not <enjoyment> the event,"{""enjoyment"": ""enjoyed""}"
599,2dfad3f1-b93f-46aa-a2fa-20f390407243,<location> set as location,"{""location"": ""Vatican City""}"
600,2dfad3f1-b93f-46aa-a2fa-20f390407243,Search for attendees from <location> n't like the event,"{""location"": ""Vatican City""}"
601,2dfad3f1-b93f-46aa-a2fa-20f390407243,replied to post with <post-word> in its text,"{""post-word"": ""'concussion'""}"
602,2dfad3f1-b93f-46aa-a2fa-20f390407243,replied to posts about <post-word>,"{""post-word"": ""'concussion'""}"
603,2dfad3f1-b93f-46aa-a2fa-20f390407243,<sentiment> sentiment towards event,"{""sentiment"": ""negative""}"
604,2dfad3f1-b93f-46aa-a2fa-20f390407243,<location> location,"{""location"": ""Vatican City""}"
605,2dfad3f1-b93f-46aa-a2fa-20f390407243,live in <location>,"{""location"": ""Vatican City""}"
606,2dfad3f1-b93f-46aa-a2fa-20f390407243,replied to post with <post-word>,"{""post-word"": ""'concussion'""}"
607,2dfad3f1-b93f-46aa-a2fa-20f390407243,n't like the event,{}
608,2dfad3f1-b93f-46aa-a2fa-20f390407243,not <enjoyment> the event,"{""enjoyment"": ""enjoyed""}"
609,2dfad3f1-b93f-46aa-a2fa-20f390407243,replied to post with <post-word>,"{""post-word"": ""'concussion'""}"
610,2dfad3f1-b93f-46aa-a2fa-20f390407243,reside in <location>,"{""location"": ""Vatican City""}"
611,2dfad3f1-b93f-46aa-a2fa-20f390407243,working at <company>,"{""company"": ""Abercrombie & Fitch""}"
612,2dfad3f1-b93f-46aa-a2fa-20f390407243,liked post <number> times,"{""number"": ""5""}"
613,2dfad3f1-b93f-46aa-a2fa-20f390407243,clicked on ad with <post-word>,"{""post-word"": ""'escapist'""}"
614,2dfad3f1-b93f-46aa-a2fa-20f390407243,clicks on ads containing <post-word>,"{""post-word"": ""'escapist'""}"
615,2dfad3f1-b93f-46aa-a2fa-20f390407243,<number> post likes,"{""number"": ""5""}"
616,2dfad3f1-b93f-46aa-a2fa-20f390407243,<company> set as company,"{""company"": ""Abercrombie & Fitch""}"
617,2dfad3f1-b93f-46aa-a2fa-20f390407243,working at <company>,"{""company"": ""Abercrombie & Fitch""}"
618,2dfad3f1-b93f-46aa-a2fa-20f390407243,clicked on <post-word> ad,"{""post-word"": ""'escapist'""}"
619,2dfad3f1-b93f-46aa-a2fa-20f390407243,liked post <number> times,"{""number"": ""5""}"
620,2dfad3f1-b93f-46aa-a2fa-20f390407243,liked post <number> times,"{""number"": ""5""}"
621,2dfad3f1-b93f-46aa-a2fa-20f390407243,<number> likes of posts,"{""number"": ""5""}"
622,2dfad3f1-b93f-46aa-a2fa-20f390407243,working at <company>,"{""company"": ""Abercrombie & Fitch""}"
623,2dfad3f1-b93f-46aa-a2fa-20f390407243,<number> post likes,"{""number"": ""5""}"
624,2dfad3f1-b93f-46aa-a2fa-20f390407243,clicks on ad which mentioned <post-word>,"{""post-word"": ""'escapist'""}"
625,2dfad3f1-b93f-46aa-a2fa-20f390407243,working at <company>,"{""company"": ""Abercrombie & Fitch""}"
626,2dfad3f1-b93f-46aa-a2fa-20f390407243,working at <company>,"{""company"": ""Abercrombie & Fitch""}"
627,2dfad3f1-b93f-46aa-a2fa-20f390407243,<number> posts likes,"{""number"": ""5""}"
628,2dfad3f1-b93f-46aa-a2fa-20f390407243,clicked on ad containing <post-word>,"{""post-word"": ""'escapist'""}"
629,2dfad3f1-b93f-46aa-a2fa-20f390407243,liked post by <mention>,"{""mention"": ""Clay Arnold""}"
630,2dfad3f1-b93f-46aa-a2fa-20f390407243,viewed page with <post-word>,"{""post-word"": ""'beyond'""}"
631,2dfad3f1-b93f-46aa-a2fa-20f390407243,wrote post with <number> replies,"{""number"": ""5""}"
632,2dfad3f1-b93f-46aa-a2fa-20f390407243,viewed page mentioning <post-word>,"{""post-word"": ""'beyond'""}"
633,2dfad3f1-b93f-46aa-a2fa-20f390407243,posts with <number> replies,"{""number"": ""5""}"
634,2dfad3f1-b93f-46aa-a2fa-20f390407243,liked <mention>s post,"{""mention"": ""Clay Arnold'""}"
635,2dfad3f1-b93f-46aa-a2fa-20f390407243,post containing <number> replies,"{""number"": ""5""}"
636,2dfad3f1-b93f-46aa-a2fa-20f390407243,view of page with <post-word> in its text,"{""post-word"": ""'beyond'""}"
637,2dfad3f1-b93f-46aa-a2fa-20f390407243,like of <mention>s post,"{""mention"": ""Clay Arnold'""}"
638,2dfad3f1-b93f-46aa-a2fa-20f390407243,wrote post with <number> replies,"{""number"": ""5""}"
639,2dfad3f1-b93f-46aa-a2fa-20f390407243,liked post by <mention>,"{""mention"": ""Clay Arnold""}"
640,2dfad3f1-b93f-46aa-a2fa-20f390407243,viewed page which contains <post-word>,"{""post-word"": ""'beyond'""}"
641,2dfad3f1-b93f-46aa-a2fa-20f390407243,liked <mention>s post,"{""mention"": ""Clay Arnold'""}"
642,2dfad3f1-b93f-46aa-a2fa-20f390407243,post with <number> comments,"{""number"": ""5""}"
643,2dfad3f1-b93f-46aa-a2fa-20f390407243,view of page which mentioned <post-word>,"{""post-word"": ""'beyond'""}"
644,2dfad3f1-b93f-46aa-a2fa-20f390407243,viewed page with <post-word>,"{""post-word"": ""'beyond'""}"
645,2dfad3f1-b93f-46aa-a2fa-20f390407243,liked post written by <mention>,"{""mention"": ""Clay Arnold""}"
646,2dfad3f1-b93f-46aa-a2fa-20f390407243,wrote post with <number> comments,"{""number"": ""5""}"
647,2dfad3f1-b93f-46aa-a2fa-20f390407243,wrote <sentiment> post,"{""sentiment"": ""positive""}"
648,2dfad3f1-b93f-46aa-a2fa-20f390407243,attended event <number> times,"{""number"": ""4""}"
649,2dfad3f1-b93f-46aa-a2fa-20f390407243,work as Affordable Housting Specialist,{}
650,2dfad3f1-b93f-46aa-a2fa-20f390407243,<position> position,"{""position"": ""Affordable Housing Specialist""}"
651,2dfad3f1-b93f-46aa-a2fa-20f390407243,<number> event attendances,"{""number"": ""4""}"
652,2dfad3f1-b93f-46aa-a2fa-20f390407243,<sentiment> post,"{""sentiment"": ""positive""}"
653,2dfad3f1-b93f-46aa-a2fa-20f390407243,set position to <position>,"{""position"": ""Affordable Housing Specialist""}"
654,2dfad3f1-b93f-46aa-a2fa-20f390407243,wrote post with <sentiment> sentiment,"{""sentiment"": ""positive""}"
655,2dfad3f1-b93f-46aa-a2fa-20f390407243,attended event <number> times,"{""number"": ""4""}"
656,2dfad3f1-b93f-46aa-a2fa-20f390407243,<sentiment> posts,"{""sentiment"": ""positive""}"
657,2dfad3f1-b93f-46aa-a2fa-20f390407243,<position> position,"{""position"": ""Affordable Housing Specialist""}"
658,2dfad3f1-b93f-46aa-a2fa-20f390407243,<number> event attendances,"{""number"": ""4""}"
659,2dfad3f1-b93f-46aa-a2fa-20f390407243,work at <position> position,"{""position"": ""Affordable Housing Specialist""}"
660,2dfad3f1-b93f-46aa-a2fa-20f390407243,wrote <sentiment> post,"{""sentiment"": ""positive""}"
661,2dfad3f1-b93f-46aa-a2fa-20f390407243,attended even <number> times,"{""number"": ""5""}"
662,2dfad3f1-b93f-46aa-a2fa-20f390407243,attended event <number> times,"{""number"": ""4""}"
663,2dfad3f1-b93f-46aa-a2fa-20f390407243,<position> position,"{""position"": ""Affordable Housing Specialist""}"
664,2dfad3f1-b93f-46aa-a2fa-20f390407243,wrote post with  <sentiment> sentiment,"{""sentiment"": ""positive""}"
665,2dfad3f1-b93f-46aa-a2fa-20f390407243,n't <enjoyment> the event,"{""enjoyment"": ""enjoyed""}"
666,2dfad3f1-b93f-46aa-a2fa-20f390407243,rated page containing <post-word>,"{""post-word"": ""'coastal'""}"
667,2dfad3f1-b93f-46aa-a2fa-20f390407243,wrote post with <number> likes,"{""number"": ""2""}"
668,2dfad3f1-b93f-46aa-a2fa-20f390407243,rating for page about <post-word>,"{""post-word"": ""'coastal'""}"
669,2dfad3f1-b93f-46aa-a2fa-20f390407243,post liked <number> times,"{""number"": ""2""}"
670,2dfad3f1-b93f-46aa-a2fa-20f390407243,<sentiment> <post-word>s towards the event,"{""sentiment"": ""negative"", ""post-word"": ""feeling""}"
671,2dfad3f1-b93f-46aa-a2fa-20f390407243,n't <enjoyment> the event,"{""enjoyment"": ""enjoyed""}"
672,2dfad3f1-b93f-46aa-a2fa-20f390407243,written post which was liked <number> times,"{""number"": ""2""}"
673,2dfad3f1-b93f-46aa-a2fa-20f390407243,rated page mentioning <post-word>,"{""post-word"": ""'coastal'""}"
674,2dfad3f1-b93f-46aa-a2fa-20f390407243,rated page with <post-word> word,"{""post-word"": ""'coastal'""}"
675,2dfad3f1-b93f-46aa-a2fa-20f390407243,n't like the event,{}
676,2dfad3f1-b93f-46aa-a2fa-20f390407243,posted something liked <number> times,"{""number"": ""2""}"
677,2dfad3f1-b93f-46aa-a2fa-20f390407243,wrote post with <number> likes,"{""number"": ""2""}"
678,2dfad3f1-b93f-46aa-a2fa-20f390407243,n't <enjoyment> the event,"{""enjoyment"": ""enjoyed""}"
679,2dfad3f1-b93f-46aa-a2fa-20f390407243,rated page containing <post-word>,"{""post-word"": ""'coastal'""}"
680,2dfad3f1-b93f-46aa-a2fa-20f390407243,wrote post which was liked <number> times,"{""number"": ""2""}"
681,2dfad3f1-b93f-46aa-a2fa-20f390407243,rated page with <post-word> word,"{""post-word"": ""'coastal'""}"
682,2dfad3f1-b93f-46aa-a2fa-20f390407243,n't <enjoyment> the event,"{""enjoyment"": ""enjoyed""}"
683,2dfad3f1-b93f-46aa-a2fa-20f390407243,attended 'Happy Hippopotamuss<number><number> event,"{""number"": ""7'""}"
684,2dfad3f1-b93f-46aa-a2fa-20f390407243,participated in poll once,{}
685,2dfad3f1-b93f-46aa-a2fa-20f390407243,rated <page-type>s page,"{""page-type"": ""exhibitor'""}"
686,2dfad3f1-b93f-46aa-a2fa-20f390407243,attended 'Happy Hippopotamuss<number><number> event,"{""number"": ""7'""}"
687,2dfad3f1-b93f-46aa-a2fa-20f390407243,left rating on page with <page-type> type,"{""page-type"": ""'exhibitor'""}"
688,2dfad3f1-b93f-46aa-a2fa-20f390407243,voted in poll,{}
689,2dfad3f1-b93f-46aa-a2fa-20f390407243,voted in <number> poll,"{""number"": ""1""}"
690,2dfad3f1-b93f-46aa-a2fa-20f390407243,attended 'Happy Hippopotamuss<number><number>,"{""number"": ""7'""}"
691,2dfad3f1-b93f-46aa-a2fa-20f390407243,rated page with <page-type> type,"{""page-type"": ""'exhibitor'""}"
692,2dfad3f1-b93f-46aa-a2fa-20f390407243,answerted <number> poll,"{""number"": ""1""}"
693,2dfad3f1-b93f-46aa-a2fa-20f390407243,rated <page-type>,"{""page-type"": ""exhibitor""}"
694,2dfad3f1-b93f-46aa-a2fa-20f390407243,attended 'Happy Hippopotamuss<number><number> event,"{""number"": ""7'""}"
695,2dfad3f1-b93f-46aa-a2fa-20f390407243,rated <page-type>,"{""page-type"": ""exhibitor""}"
696,2dfad3f1-b93f-46aa-a2fa-20f390407243,attended 'Happy Hippopotamuss<number><number>,"{""number"": ""7'""}"
697,2dfad3f1-b93f-46aa-a2fa-20f390407243,voted in poll once,{}
698,2dfad3f1-b93f-46aa-a2fa-20f390407243,rated <page-type>s page,"{""page-type"": ""exhibitor'""}"
699,2dfad3f1-b93f-46aa-a2fa-20f390407243,voted in single poll,{}
700,2dfad3f1-b93f-46aa-a2fa-20f390407243,attended 'Happy Hippopotamuss<number><number>,"{""number"": ""7'""}"
701,59d09959-5836-494f-9176-7a11a449b2fa,clicked on ad by <company>,"{""company"": ""'Acsis Inc.'""}"
702,59d09959-5836-494f-9176-7a11a449b2fa,mentioned <mention>,"{""mention"": ""Steven Owens""}"
703,59d09959-5836-494f-9176-7a11a449b2fa,participated in a polls <number> times,"{""number"": ""4""}"
704,59d09959-5836-494f-9176-7a11a449b2fa,mentioned <mention>,"{""mention"": ""Steven Owens""}"
705,59d09959-5836-494f-9176-7a11a449b2fa,participated in <number> polls,"{""number"": ""4""}"
706,59d09959-5836-494f-9176-7a11a449b2fa,converted on the <company> ad ,"{""company"": ""'Acsis Inc.'""}"
707,59d09959-5836-494f-9176-7a11a449b2fa,wrote a post about <mention>,"{""mention"": ""Steven Owens""}"
708,59d09959-5836-494f-9176-7a11a449b2fa,clicked on advertisement by 'Acisi Inc.',{}
709,59d09959-5836-494f-9176-7a11a449b2fa,took <number> polls,"{""number"": ""4""}"
710,59d09959-5836-494f-9176-7a11a449b2fa,named <first-name>,"{""first-name"": ""Petra""}"
711,59d09959-5836-494f-9176-7a11a449b2fa,viewed page contains <post-word>,"{""post-word"": ""'adsorbable'""}"
712,59d09959-5836-494f-9176-7a11a449b2fa,a post with <number> likes ,"{""number"": ""8""}"
713,59d09959-5836-494f-9176-7a11a449b2fa,posted a content with <number> likes,"{""number"": ""8""}"
714,59d09959-5836-494f-9176-7a11a449b2fa,visited page contains <post-word>,"{""post-word"": ""'adsorbable'""}"
715,59d09959-5836-494f-9176-7a11a449b2fa,called <first-name>,"{""first-name"": ""Petra""}"
716,59d09959-5836-494f-9176-7a11a449b2fa,name is <first-name>,"{""first-name"": ""Petra""}"
717,59d09959-5836-494f-9176-7a11a449b2fa,opened page with <post-word>,"{""post-word"": ""'adsorbable'""}"
718,59d09959-5836-494f-9176-7a11a449b2fa,posted a message with <number> likes,"{""number"": ""8""}"
719,59d09959-5836-494f-9176-7a11a449b2fa,<enjoyment> the event,"{""enjoyment"": ""enjoyed""}"
720,59d09959-5836-494f-9176-7a11a449b2fa,wrote <number> posts,"{""number"": ""2""}"
721,59d09959-5836-494f-9176-7a11a449b2fa,clicked on ad by <company>,"{""company"": ""'Acsis Inc.'""}"
722,59d09959-5836-494f-9176-7a11a449b2fa,posted <number> messages,"{""number"": ""2""}"
723,59d09959-5836-494f-9176-7a11a449b2fa,clicked on ad by <company>,"{""company"": ""'Acsis Inc.'""}"
724,59d09959-5836-494f-9176-7a11a449b2fa,<enjoyment> the event,"{""enjoyment"": ""enjoyed""}"
725,59d09959-5836-494f-9176-7a11a449b2fa,clicked on <number> ads,"{""number"": ""2""}"
726,59d09959-5836-494f-9176-7a11a449b2fa,rated with <number> stars <page-type>s page,"{""number"": ""2"", ""page-type"": ""speaker'""}"
727,59d09959-5836-494f-9176-7a11a449b2fa,rated <page-type> with <number> stars,"{""number"": ""2"", ""page-type"": ""speaker""}"
728,59d09959-5836-494f-9176-7a11a449b2fa,clicked on ads <number> times,"{""number"": ""2""}"
729,59d09959-5836-494f-9176-7a11a449b2fa,rated page contains <post-word>,"{""post-word"": ""'pragmatic'""}"
730,59d09959-5836-494f-9176-7a11a449b2fa,viewed page contains <post-word>,"{""post-word"": ""'adsorbable'""}"
731,59d09959-5836-494f-9176-7a11a449b2fa,participated in <number> polls,"{""number"": ""4""}"
732,59d09959-5836-494f-9176-7a11a449b2fa,contacts voted <number> times,"{""number"": ""4""}"
733,59d09959-5836-494f-9176-7a11a449b2fa,leave a rate on page with <post-word>,"{""post-word"": ""'pragmatic'""}"
734,59d09959-5836-494f-9176-7a11a449b2fa,viewed page with <post-word>,"{""post-word"": ""'adsorbable'""}"
735,59d09959-5836-494f-9176-7a11a449b2fa,participated in <number> polls,"{""number"": ""4""}"
736,59d09959-5836-494f-9176-7a11a449b2fa,connected Google +,{}
737,59d09959-5836-494f-9176-7a11a449b2fa,took a not on page with <post-word>,"{""post-word"": ""'coastal'""}"
738,59d09959-5836-494f-9176-7a11a449b2fa,created a not on page contains <post-word>,"{""post-word"": ""'coastal'""}"
739,59d09959-5836-494f-9176-7a11a449b2fa,voted <number> times,"{""number"": ""4""}"
740,59d09959-5836-494f-9176-7a11a449b2fa,Google + account,{}
741,59d09959-5836-494f-9176-7a11a449b2fa,post with <number> replies,"{""number"": ""9""}"
742,59d09959-5836-494f-9176-7a11a449b2fa,viewed <page-type> page,"{""page-type"": ""sponsor""}"
743,59d09959-5836-494f-9176-7a11a449b2fa,rated page with <number> stars,"{""number"": ""2""}"
744,59d09959-5836-494f-9176-7a11a449b2fa,content with <number> replies,"{""number"": ""9""}"
745,59d09959-5836-494f-9176-7a11a449b2fa,viewed <page-type>,"{""page-type"": ""sponsor""}"
746,59d09959-5836-494f-9176-7a11a449b2fa,rated page with more than <number> stars,"{""number"": ""2""}"
747,59d09959-5836-494f-9176-7a11a449b2fa,posted a content with <number> comments,"{""number"": ""9""}"
748,59d09959-5836-494f-9176-7a11a449b2fa,opened <page-type> page,"{""page-type"": ""sponsor""}"
749,59d09959-5836-494f-9176-7a11a449b2fa,rated with <number> stars ,"{""number"": ""2""}"
750,3ea9c741-6993-44f9-937c-3a5718a08693,liked a post by <mention>,"{""mention"": ""Philip Stephens""}"
751,3ea9c741-6993-44f9-937c-3a5718a08693,left a note on a page <number> times,"{""number"": ""3""}"
752,3ea9c741-6993-44f9-937c-3a5718a08693,downloaded a file named <file-name>,"{""file-name"": ""workshop.doc""}"
753,3ea9c741-6993-44f9-937c-3a5718a08693,left <number> notes,"{""number"": ""3""}"
754,3ea9c741-6993-44f9-937c-3a5718a08693,liked a post by Philip,{}
755,3ea9c741-6993-44f9-937c-3a5718a08693,downloaded <file-name>,"{""file-name"": ""workshop.doc""}"
756,3ea9c741-6993-44f9-937c-3a5718a08693,clicked on an ad <number> times,"{""number"": ""4""}"
757,3ea9c741-6993-44f9-937c-3a5718a08693,bio contains <number>,"{""number"": ""8""}"
758,3ea9c741-6993-44f9-937c-3a5718a08693,attended <number> events,"{""number"": ""7""}"
759,3ea9c741-6993-44f9-937c-3a5718a08693,clicked on <number> ads,"{""number"": ""4""}"
